"ascendancy","fid"
4,"GHVL-B4K"
5,"GHK6-8WT"
6,"L6L2-JJB"
7,"LNKH-8TG"
8,"L4MN-TBX"
9,"KN3F-FT7"
10,"K2VH-PS9"
11,"KCPD-XRB"
12,"L6LW-6TT"
13,"L6LW-FCQ"
14,"GMGH-5D6"
15,"GMGH-26Q"
18,"G94M-6WK"
19,"L7F5-765"
20,"K2VH-2FN"
21,"LCPJ-CQ6"
22,"L2C8-Q7T"
23,"LVNN-V32"
24,"MWKV-8ST"
25,"KN1H-HLB"
26,"KC4P-BDG"
27,"KH6L-9FC"
28,"L8Q2-8WR"
29,"L8QF-2Z8"
30,"9687-7K6"
31,"K8FB-QKZ"
36,"LCVF-TC7"
37,"KLX1-TT9"
38,"KHD1-RBZ"
39,"2WN4-1MS"
40,"LHSQ-X2Y"
41,"LHQM-9CQ"
42,"LHZQ-PTC"
43,"LHZQ-59P"
44,"9N9J-FLS"
45,"L5N7-J8L"
46,"KCZ5-DBZ"
47,"KHDS-NZZ"
48,"L6LQ-3HW"
49,"L6LQ-3CG"
50,"KF3N-R3R"
51,"GMNS-73X"
52,"K8R2-H3H"
53,"K86G-1WX"
54,"LVS7-7KG"
55,"KH11-RNX"
56,"GMGN-855"
57,"L22M-VJB"
58,"KN4F-TVZ"
59,"KN4F-TVQ"
60,"LZKW-93N"
61,"275W-5DV"
62,"LV7Y-7QL"
63,"LV7Y-7ZR"
72,"LZ99-FTJ"
73,"KNFL-YY8"
74,"LJYC-2GH"
75,"94L2-7QN"
76,"9NT9-KKL"
77,"9NT9-KKG"
78,"2WN4-BY9"
79,"LHWX-NKH"
80,"LH36-XL7"
81,"LH36-X2L"
82,"MKG3-58R"
83,"2Z3B-HWV"
84,"LJK1-SS6"
85,"LDQ1-3D9"
86,"L5X6-32R"
87,"LCZ5-PJ7"
88,"LC4M-GRX"
89,"LC4M-LVK"
92,"9V3Z-S38"
93,"GMR3-Z31"
94,"LVK9-C36"
95,"LVK9-BJ1"
96,"L8BM-R6T"
97,"L6R8-SNV"
98,"L9PW-DY7"
99,"L9PW-8GL"
100,"935N-8ZS"
101,"935N-8ZG"
102,"2HMS-7W4"
103,"G7Y4-5QC"
104,"KZBV-4WN"
105,"KC78-K8K"
106,"G9XV-F55"
107,"KHWY-K2K"
108,"9WT6-2JF"
109,"LH8V-RD8"
110,"KFLD-LDY"
111,"2WCM-3JJ"
112,"KPSM-9XH"
113,"KPSM-9FX"
116,"KH3D-4X3"
117,"KNXW-KQB"
118,"KN4X-49B"
119,"KP3C-7Y9"
120,"LQ5V-L4F"
121,"G86V-Q6F"
126,"MXSD-538"
127,"LH3X-GLB"
144,"94D4-LHW"
145,"GZNF-C3R"
146,"LKMD-9J7"
147,"L7KM-LKT"
148,"LVG7-5VC"
149,"GF3F-HSP"
150,"G9VX-9JF"
151,"L6CV-QTZ"
152,"M7VJ-FJB"
153,"LWHV-QBT"
154,"G97G-1G9"
155,"G97P-9BL"
156,"KLLB-DFV"
157,"LRHV-YWK"
159,"L5F2-NHQ"
160,"MC3F-D8B"
161,"L4QP-K67"
162,"LSSS-PQ8"
163,"LCVG-84Z"
164,"LK5G-Q35"
165,"GFG4-JBF"
166,"LX3L-72S"
167,"GGH7-626"
168,"L68Z-527"
169,"L2W7-Z69"
170,"LVJK-Y44"
171,"LC38-G4K"
172,"M9SL-9K3"
173,"L83G-6GC"
174,"LCZ5-PNJ"
175,"KC83-QHM"
176,"L2SP-PKG"
177,"LBGW-TKC"
178,"LCJ2-9NP"
179,"L15W-ZPG"
192,"LCX4-VXL"
193,"L8DZ-3Q8"
196,"KJ8F-X6P"
197,"MNN8-YG3"
198,"L25V-72W"
200,"MB11-MC7"
201,"MB15-SBW"
202,"G8N8-NCK"
203,"G8N8-DVH"
204,"LCT2-DP6"
205,"L2MH-916"
208,"KN49-QXH"
209,"LH3F-1RB"
210,"2XM9-V33"
211,"LHT2-Q2L"
212,"KJJF-2MQ"
213,"KJJF-K61"
216,"LDJT-L6F"
217,"LDMN-RD8"
218,"KPWD-SBW"
219,"M73H-88T"
220,"93R2-HZ8"
221,"93R2-H8S"
222,"2W49-SNY"
223,"2W49-S24"
224,"KJZH-Y1L"
225,"KJZH-YBY"
226,"9CSY-9C2"
227,"LZPT-WQM"
232,"LC7P-GNN"
233,"9V8P-8PJ"
234,"KCMJ-FMF"
235,"LVGW-PJR"
236,"KN45-QTP"
237,"KN4F-TTS"
238,"LHQ7-ZWF"
239,"LHQ7-Z9G"
240,"LCP2-JHD"
241,"LCJN-NNL"
252,"KZVR-5R6"
253,"K8GB-96Q"
254,"K2JM-WDM"
255,"LH3X-P3L"
288,"LT2P-892"
289,"GN2S-FWH"
290,"LF7P-WWJ"
291,"KNWT-TPD"
292,"GW6J-918"
293,"LH57-NXR"
300,"L6C1-MB7"
301,"L6C1-QMY"
304,"LX3V-GQV"
305,"LHG8-43J"
306,"GNH1-STG"
307,"KN78-1BK"
308,"G97P-9D2"
312,"9J88-2PP"
313,"MBCS-6T1"
314,"LRQQ-RXN"
315,"9CKZ-WZV"
320,"2759-854"
321,"2759-XPY"
322,"9CJQ-HB2"
323,"L1DD-7FW"
324,"L8MB-C2W"
325,"L8MB-C2K"
326,"KJ8F-83C"
327,"L7XB-2CB"
328,"L29Z-B1X"
329,"L29Z-1SM"
332,"L24Y-BMB"
336,"LBYV-BRF"
337,"LJGB-5PH"
338,"LDKP-XSK"
339,"L4TY-77X"
342,"MYJQ-NKS"
343,"GHVC-X3D"
344,"LXMW-YN3"
345,"LZ8S-37Y"
346,"LBYV-BRF"
347,"LJGB-5PH"
352,"LZLC-1N1"
353,"LBG4-QCJ"
354,"L2GX-YL4"
355,"LVGT-VR4"
356,"LH5Y-DPG"
357,"GM7D-VJR"
358,"KZCQ-TNT"
359,"MY7K-ZJW"
384,"LZPL-844"
385,"L65X-NZV"
386,"LYTC-KG6"
387,"LKRN-CPF"
392,"KFB8-FTV"
393,"LC65-WB3"
394,"KGCB-6W3"
395,"9HCD-B98"
400,"LZTK-CY2"
401,"M1QX-XHD"
402,"9KQV-4VG"
403,"9KQV-ZQW"
410,"9F4S-LRC"
411,"L62D-87C"
416,"LK34-3DJ"
417,"2WMN-81N"
418,"LH3F-15C"
419,"LH3F-1GB"
420,"LH3F-15C"
421,"LH3F-1GB"
422,"KD1R-2KC"
423,"KZYZ-WSY"
424,"L7BY-S6Y"
425,"LZ6L-T97"
426,"MF7Y-X2S"
427,"KLXL-ZTM"
436,"GHYT-BYQ"
437,"MR43-7MB"
438,"M73H-C5N"
439,"L4MT-9SK"
440,"93R2-H8R"
441,"93R2-HDV"
444,"29WT-FSD"
445,"29WT-X1G"
446,"KCGJ-3RV"
447,"K63J-KZ5"
448,"MCD7-4W7"
449,"LZDX-C2B"
450,"LK3B-L1B"
451,"LK3B-G4Y"
452,"LHTV-TZV"
453,"LHTV-TC7"
454,"L7NL-98X"
455,"LKR2-GT7"
464,"L4BK-YP3"
465,"LC7P-L18"
466,"LZLK-QR5"
467,"LHNS-XK3"
468,"LCTG-JQ2"
469,"LCMF-R4D"
470,"9HZB-X72"
471,"L6ZX-D4Y"
472,"LCZM-2BH"
473,"MR1L-1CV"
474,"L623-3HW"
475,"H97F-YDS"
476,"LHW2-XDM"
477,"LYG8-BMH"
480,"LHY9-6FP"
481,"L6M4-Z1K"
482,"LVVH-QKS"
483,"LZYR-HQ1"
508,"L6RT-7RF"
509,"LVL6-1Y5"
580,"LZLK-S2W"
581,"LZLK-338"
584,"LKMD-4XZ"
585,"KVBG-CVS"
586,"MVMR-8PM"
587,"L4BT-1XB"
600,"K2QL-87C"
601,"LV67-FMJ"
602,"LTR4-NNY"
608,"LZV6-5K2"
609,"GL61-WLZ"
624,"GX9D-MPX"
625,"9J8C-TPW"
626,"GDW4-NCQ"
627,"LYYR-MVK"
628,"LZKF-2YT"
629,"LLSC-98W"
630,"LC1B-1GV"
631,"9CKZ-WZ2"
640,"KHXT-DWP"
641,"LRDF-9WJ"
642,"M9VB-ZZP"
643,"G3JS-LB5"
648,"LZ23-6ZM"
649,"M2Z7-CJ3"
650,"LDF6-ZR9"
651,"L1R4-RH6"
652,"L5RT-PMJ"
653,"G4X2-PMC"
654,"L8MB-C2W"
655,"L8MB-C2K"
656,"L62C-Z8Z"
657,"9Q1F-B91"
658,"GD4Q-44Q"
664,"GQCG-C8G"
665,"GQCP-Q3R"
672,"LJYJ-2GM"
673,"LCXS-2CJ"
674,"L6JV-CNK"
675,"GNW6-SRD"
676,"GCZN-D6H"
677,"9ZSS-XGH"
678,"GMW2-92X"
679,"LC8H-F4S"
684,"GN29-QLP"
685,"LZXR-ZQN"
686,"L5BQ-TGL"
687,"2MJ7-996"
688,"LV2Y-844"
689,"GKYJ-4LD"
690,"LB7J-9BY"
691,"G8B4-44T"
692,"LJYJ-2GM"
693,"LCXS-2CJ"
694,"L6JV-CNK"
695,"GNW6-SRD"
704,"LRM2-PL9"
705,"M9B1-JKC"
706,"LCPL-WPW"
707,"LDMW-9JN"
710,"9JDW-SG6"
716,"GGX8-C8D"
768,"MLHB-YRP"
769,"GS4K-LHH"
772,"LHGD-KNS"
773,"LZBP-SWM"
784,"LZC5-LTD"
785,"K2T4-MQC"
786,"K8QW-GD2"
787,"LZKN-N5H"
788,"LHF8-Y64"
789,"LLCC-G2L"
800,"LHJW-1GF"
801,"L27H-ZMR"
804,"MB79-GY6"
805,"MB79-GYR"
806,"G2VN-J59"
832,"27P4-G81"
834,"LDH1-W8D"
835,"M2YV-FXY"
836,"LV7M-1JL"
837,"LH8B-9PS"
838,"LZLK-8QR"
839,"2WM7-P6G"
840,"LV7M-1JL"
841,"LH8B-9PS"
842,"LZLK-8QR"
843,"2WM7-P6G"
844,"KLJJ-YVB"
845,"KGB3-3SZ"
848,"L691-VC5"
849,"LRVV-YSJ"
850,"LZ4N-XH1"
851,"2D65-99H"
852,"M1ST-3Z8"
853,"LCPX-XTG"
854,"KLB8-1QB"
855,"MGKW-ZP3"
872,"9X1R-QJL"
873,"MT29-M8X"
874,"L4T6-WXC"
875,"L78Z-VT8"
876,"LV92-71L"
877,"LWJV-TFQ"
878,"LTT3-L3X"
879,"LK3T-3RK"
880,"93R2-H66"
888,"K4XB-ZGN"
889,"K4RB-CV5"
890,"LZFW-4Y5"
891,"MTGN-Z6Y"
892,"LT3F-935"
893,"LT3X-BSC"
896,"M2WP-LQ5"
897,"KZCP-V4Q"
898,"LZXB-GRQ"
899,"LDST-SFN"
900,"LK3T-ND9"
901,"LK3T-NC5"
904,"LTNR-6ZK"
905,"LZZW-8BK"
906,"LBF9-CYZ"
907,"LZF3-9LY"
908,"LHF2-FSZ"
909,"LCXR-97D"
910,"LZG9-8P2"
911,"LCY5-PZ1"
928,"9JWH-DSM"
929,"9JWH-DSS"
931,"LHX9-H8K"
932,"LZLK-Q24"
933,"LC52-JSL"
934,"LHW8-LSS"
935,"LH6B-TLS"
936,"L8WL-YH1"
937,"MDFX-RBD"
938,"L6B5-4MJ"
939,"LK6K-D15"
940,"LX7M-129"
941,"KVLP-XVS"
942,"L6B5-4MJ"
943,"LK6K-D15"
944,"L14M-9P3"
945,"LCP5-MQM"
946,"G8DD-VGR"
952,"LHKK-RWT"
953,"K2VZ-9VX"
954,"LHKK-GKQ"
955,"LZL7-22L"
960,"LHKT-LPM"
961,"LV76-5CW"
962,"L4FK-Y7D"
963,"LM1Z-DNF"
964,"L4HK-L9K"
965,"L4CZ-3QD"
966,"LCJX-S96"
967,"2Z35-X55"
1016,"LVKG-XM9"
1017,"LZ4V-6P4"
1018,"LZPF-PVT"
1019,"G8WM-RCT"
1160,"LVN4-W6L"
1161,"LZLV-FC3"
1162,"LZN6-9LT"
1163,"LZLV-FC3"
1168,"G9DN-BSQ"
1169,"LDLF-8GN"
1170,"LDLF-8R9"
1171,"LDLF-8TN"
1172,"GH2D-CFB"
1173,"GH1X-GCC"
1200,"LT3L-N8F"
1201,"LT3L-TDX"
1202,"LDSG-K2K"
1203,"M77S-R8C"
1216,"LZKX-HGR"
1217,"MSJZ-8M9"
1248,"MYX1-TTH"
1249,"GX98-R19"
1252,"G6CW-VFD"
1254,"GHH5-ZC4"
1255,"MYLX-GCL"
1256,"LCTP-BCG"
1257,"9K8F-NLV"
1258,"LVKH-WTY"
1259,"LBY2-XS3"
1260,"LB6K-6VK"
1261,"LRVF-TCN"
1262,"LRNX-2Z8"
1263,"278F-RNV"
1280,"G6HS-Q8X"
1281,"96XL-MYQ"
1283,"GLRP-LL2"
1284,"LXQ5-F2V"
1285,"GCS7-DSP"
1286,"L16T-5BV"
1287,"KJWC-9JR"
1296,"GQ58-LX8"
1297,"GQ58-2YH"
1300,"M1NQ-6H6"
1301,"L611-BBK"
1302,"MBW6-L4N"
1303,"G8N8-136"
1304,"GHF1-7P7"
1305,"G3DP-QFK"
1308,"LZ23-6ZM"
1309,"M2Z7-CJ3"
1310,"LDF6-ZR9"
1311,"L1R4-RH6"
1312,"L62C-C9V"
1313,"L2ZG-CST"
1314,"LDQR-ZKG"
1315,"LZ6Z-6QL"
1344,"LXQ2-YQN"
1345,"LXQ2-YZV"
1346,"LV3K-VTS"
1347,"LH8V-NNV"
1348,"LV3K-VTS"
1349,"LH8V-NNV"
1352,"LZK7-R6Z"
1353,"LDZG-Z7V"
1356,"L8QD-87T"
1357,"273X-SBR"
1358,"G6WC-DLQ"
1359,"LX3R-GPG"
1368,"LRP5-HJS"
1369,"LRP5-SNN"
1370,"LCXW-72B"
1371,"LZXR-ZPD"
1372,"G666-CGR"
1373,"9VYQ-PLB"
1374,"LHX5-X9B"
1375,"K2J1-YBP"
1376,"GLNV-WF9"
1377,"KNJD-KXV"
1378,"LZK8-W6R"
1379,"K2QZ-3YB"
1380,"L7Y2-MMY"
1381,"LZZW-WDR"
1382,"LCFM-NFX"
1383,"K631-GKK"
1384,"LXQ2-YQN"
1385,"LXQ2-YZV"
1386,"LV3K-VTS"
1387,"LH8V-NNV"
1388,"LV3K-VTS"
1389,"LH8V-NNV"
1408,"LRQH-PFV"
1409,"GQJK-Y24"
1410,"LBQ3-96B"
1411,"L5BF-QWZ"
1412,"MW4Y-WNW"
1413,"LBSJ-7PY"
1414,"LB4K-Z2W"
1415,"49D5-G9D"
1420,"G42S-HZ6"
1421,"GNPB-2R8"
1536,"GCWG-92Z"
1537,"GZY5-R5X"
1538,"G67D-TCY"
1539,"G67D-P9V"
1544,"LR1M-6CR"
1545,"L7NT-VP4"
1546,"MDS6-T4R"
1547,"LZVZ-SXC"
1568,"KL4K-QDG"
1569,"LDBG-3QK"
1570,"LC66-SRY"
1571,"27CW-6PJ"
1572,"L5YG-XYT"
1573,"K8D9-Y5J"
1574,"KLWS-WF4"
1575,"LCVV-VJB"
1576,"M15R-GKM"
1577,"LCDQ-TXD"
1578,"LLCC-G2V"
1579,"LZ66-K4N"
1602,"GLJB-MQQ"
1603,"L7N5-C9Z"
1664,"M95G-5ZY"
1665,"WB7C-DK6"
1668,"LVGM-FHR"
1669,"LTZ3-X5Z"
1672,"LLCP-ZWB"
1673,"L41Y-NZW"
1674,"LH3P-61W"
1675,"K1WK-2H4"
1676,"LZPX-VW5"
1677,"K4D9-R3L"
1678,"L134-LK5"
1679,"L2W3-WQJ"
1680,"LLCP-ZWB"
1681,"L41Y-NZW"
1682,"LH3P-61W"
1683,"K1WK-2H4"
1684,"LZPX-VW5"
1685,"K4D9-R3L"
1686,"L134-LK5"
1687,"L2W3-WQJ"
1688,"LV5Z-YQZ"
1689,"LHZZ-Y1F"
1690,"LZ8M-XGY"
1691,"26KX-2QL"
1696,"LCZS-VPZ"
1697,"LHSQ-5YH"
1698,"LHZN-5LF"
1699,"L8SK-J7R"
1700,"LTTF-QR5"
1701,"LHFR-W3F"
1702,"LZ2S-DJL"
1703,"LCZ3-41V"
1704,"LB79-2BV"
1705,"LC8T-966"
1706,"MC3Z-1ZY"
1707,"KH29-DBZ"
1708,"GQF1-7LZ"
1709,"KPDR-TZ3"
1710,"LZVW-576"
1711,"G8GT-P55"
1744,"LK53-1BF"
1745,"LK5Q-MXT"
1746,"2ZVG-C1Y"
1747,"947Z-SP2"
1748,"LZ4F-G53"
1749,"LHGS-1KZ"
1752,"MH47-CZR"
1753,"G22S-WBN"
1754,"GZ7X-D1L"
1755,"M4P8-FPF"
1756,"LZDB-H9Y"
1757,"GJ1F-TMC"
1758,"LK3T-SH8"
1759,"LK3T-39D"
1760,"93R2-HXH"
1761,"93R2-HF9"
1776,"K8PJ-8HT"
1778,"K8V7-GRH"
1779,"K8QL-79Y"
1780,"LB88-PJ4"
1781,"LZBL-49J"
1784,"LT3J-JQ7"
1785,"LT3J-N9K"
1786,"93R2-71L"
1787,"93R2-WM7"
1792,"G8JB-4JR"
1796,"LZPD-TZ6"
1797,"LHV9-JKY"
1798,"KH2X-8DZ"
1799,"KH38-KWH"
1800,"LKKM-HKP"
1801,"MQKV-94Y"
1802,"LK3T-Q5W"
1803,"LK3T-7QY"
1808,"KNMT-233"
1809,"LTQF-F8P"
1810,"LRGQ-GZB"
1811,"LR4P-4QK"
1812,"99VR-N9X"
1813,"LV5S-6Q4"
1814,"LBHW-WLL"
1815,"MVTH-QBV"
1816,"LZJP-C6Q"
1817,"LZJP-CV9"
1820,"LYGY-XPR"
1821,"LH5L-JHP"
1822,"M936-S4F"
1823,"2YR3-9WH"
1864,"LRT4-NCT"
1865,"LC8Q-Y4K"
1866,"LH6B-T45"
1867,"LYGX-8SK"
1868,"LH2J-K3M"
1869,"L8HV-1V4"
1870,"LH6B-TJG"
1871,"LZXG-2LB"
1872,"LRBT-195"
1873,"LVDL-6ZL"
1874,"975Y-VNS"
1875,"LR1L-ZR4"
1876,"KL43-Z4G"
1877,"L6B5-W31"
1878,"L2YW-H7C"
1879,"LYBS-GZY"
1880,"L6QQ-R5B"
1881,"LDQV-BFV"
1882,"LZG8-341"
1883,"LZG8-3CX"
1884,"KL43-Z4G"
1885,"L6B5-W31"
1886,"L2YW-H7C"
1887,"LYBS-GZY"
1888,"9C6H-5QW"
1889,"MD98-XCP"
1890,"LCLY-SW8"
1891,"MXJ2-QJ1"
1904,"LZ4K-BWF"
1905,"L2C7-NB2"
1906,"K872-QWC"
1907,"KZJS-8G1"
1908,"9K9R-YXL"
1909,"G3MX-HN7"
1910,"LT2W-Y4Y"
1911,"M1FH-MGC"
1920,"LZBG-MN5"
1921,"M2HX-2ZQ"
1922,"GGQY-VFY"
1923,"GGQY-L4B"
1924,"KN35-4D6"
1925,"KNZR-S8R"
1926,"LZBG-MN5"
1927,"M2HX-2ZQ"
1928,"L7XP-TB5"
1929,"LH11-TX4"
1930,"LB96-FPZ"
1931,"LB96-Z8Q"
1932,"L2C5-HJX"
1933,"LCLY-R44"
1934,"L5JC-QFG"
2032,"KNSQ-S2Y"
2033,"LXS3-FP7"
2034,"9CGX-RJ1"
2035,"9CGX-YKZ"
2036,"LV14-PSP"
2037,"L5GR-532"
2038,"M2XF-2S7"
2039,"L5YT-5B9"
2320,"LTSB-VDS"
2321,"M6B9-NKJ"
2322,"KL1Z-P21"
2323,"LH2R-7VL"
2324,"LCP8-V18"
2325,"9VK5-HDW"
2326,"KL1Z-P21"
2327,"LH2R-7VL"
2336,"LRCB-TVV"
2337,"LRC1-3M6"
2338,"LKMD-WD8"
2339,"LKMD-W61"
2344,"G8Y9-1P8"
2345,"MMB4-B4K"
2346,"KHWJ-XWX"
2347,"MM2Q-PB3"
2400,"L2ZW-HF1"
2401,"GFDQ-FK8"
2402,"M38T-XFK"
2403,"M5FC-HF4"
2432,"L8BV-JM5"
2433,"G2DD-MYZ"
2434,"G92L-4D6"
2435,"G922-G7S"
2496,"GX98-BL4"
2497,"GX9D-W7B"
2498,"LT61-RVZ"
2499,"GFJB-M98"
2512,"G2XS-YKX"
2513,"LRXH-QQT"
2514,"L6NP-M1F"
2515,"LCPT-7FB"
2516,"LYQH-XCW"
2517,"LCRJ-QLG"
2518,"LZTD-TKN"
2519,"MH99-JTW"
2520,"LZ19-R19"
2521,"LZPL-X5Y"
2522,"K8R2-YMP"
2523,"G3BL-8ZK"
2524,"K1D1-KPN"
2525,"LRF8-BJW"
2526,"L6RK-YWH"
2527,"LK7C-FCM"
2560,"G7VG-31P"
2568,"GGMY-KG4"
2569,"M4QW-XF8"
2570,"LCRS-Q5T"
2571,"93F2-MRS"
2572,"G3P4-CSP"
2573,"G95P-D76"
2574,"LJLW-YFB"
2575,"LR5W-Y48"
2600,"GZ78-RN1"
2601,"GZ3S-N5N"
2602,"MZ5Z-485"
2603,"L58F-8TH"
2604,"MBW6-L45"
2605,"MBQW-CDH"
2616,"GQ58-LX8"
2617,"GQ58-2YH"
2620,"M1NQ-6H6"
2621,"L611-BBK"
2622,"MBW6-L4N"
2623,"G8N8-136"
2626,"L6YN-FNW"
2627,"L62C-CX4"
2628,"LD1B-6X8"
2629,"LTTP-7BN"
2692,"GKZT-Y3V"
2693,"GKZT-B7J"
2694,"G75H-SGB"
2695,"G6FT-3K6"
2696,"GKZT-Y3V"
2697,"GKZT-B7J"
2698,"G75H-SGB"
2699,"G6FT-3K6"
2704,"GWNP-GJ8"
2705,"GH1Q-2BR"
2706,"GSV3-LDS"
2707,"GWSD-6JM"
2712,"LZ2Y-G4M"
2713,"9V4V-BZ2"
2714,"GQMW-PWZ"
2715,"GGFW-Q4J"
2716,"KG96-W77"
2717,"GNVZ-N82"
2718,"LX3R-GDZ"
2719,"LHR6-R2G"
2738,"GQRD-GKW"
2739,"GQSP-FPY"
2740,"LC2W-BQ8"
2741,"GQR6-9Z5"
2742,"GQRD-B3J"
2743,"LB68-H9X"
2744,"KJ8X-NGY"
2745,"LWX6-TXF"
2746,"MNRR-2MB"
2747,"LWFP-CP3"
2748,"LZJF-LKW"
2749,"M8FK-PFF"
2750,"MNRT-8HQ"
2751,"K2J1-B84"
2756,"LNQ7-B97"
2757,"L7DH-GL2"
2758,"L1L5-QSH"
2759,"KNX6-NDF"
2760,"LH2K-CD5"
2761,"GD31-9K6"
2762,"L1XG-D9V"
2763,"G888-N86"
2764,"L4WB-25P"
2765,"KN1G-XHX"
2766,"L26L-TSJ"
2767,"L26L-T6C"
2772,"GKZT-Y3V"
2773,"GKZT-B7J"
2774,"G75H-SGB"
2775,"G6FT-3K6"
2776,"GKZT-Y3V"
2777,"GKZT-B7J"
2778,"G75H-SGB"
2779,"G6FT-3K6"
2816,"LVH6-D64"
2817,"LHPM-DPT"
2818,"GHKT-53R"
2819,"GHKT-PNG"
2820,"LKPM-9TJ"
2821,"LR4M-VF8"
2822,"LZ6K-7NP"
2823,"L6QR-T3D"
2824,"LBQ3-96B"
2825,"L5BF-QWZ"
2826,"LR4M-VDN"
2827,"GLSN-NFG"
2828,"LVJZ-YSD"
2829,"LD98-Z79"
2830,"GHK1-TNK"
2831,"GHK1-BWQ"
2840,"GF9V-VZN"
3072,"LVZ8-W44"
3073,"GFT8-D7Q"
3074,"GW1M-RG9"
3075,"GW19-DFG"
3088,"LCMQ-16C"
3089,"KHHB-HB4"
3090,"LHXD-XP1"
3091,"KNDX-F29"
3092,"LV7K-8HZ"
3093,"L8BJ-2MB"
3094,"LZNP-9KM"
3095,"LJLF-Z6N"
3136,"L6KF-F5M"
3137,"LB1M-QH4"
3138,"LVWW-M3G"
3139,"LTHR-BF4"
3140,"2W9V-H9Z"
3141,"2P4M-8ZS"
3142,"LTJP-R2B"
3143,"KN45-N43"
3144,"GM1G-XC9"
3145,"L5YG-FFJ"
3146,"LCDW-TTJ"
3147,"LCJJ-LWC"
3148,"KL75-PPK"
3149,"L5GN-GDX"
3150,"LTMW-K1B"
3151,"9CWM-WLB"
3152,"9KD9-F9T"
3153,"LCVH-3YC"
3154,"KCCX-WK8"
3155,"LV95-Z4C"
3156,"LTQC-LHQ"
3157,"LTQC-V2H"
3158,"L4KV-1FR"
3159,"MF8T-9KF"
3204,"LKP3-3DM"
3205,"LKP3-3X1"
3206,"KZWW-9TW"
3207,"GLJB-W7S"
3328,"G2KQ-F7T"
3329,"G2KQ-H3D"
3330,"LVCW-PN5"
3331,"LYYL-XK7"
3336,"L2TF-JPF"
3337,"L68Y-W73"
3338,"KN6H-9WZ"
3339,"2JYT-CQF"
3344,"MM37-JYJ"
3345,"LC8R-19D"
3346,"MFGB-DXQ"
3347,"L8QR-D4S"
3348,"LY41-WWS"
3349,"LC35-711"
3350,"LKKM-4PT"
3351,"M1H8-LPQ"
3352,"9JVC-BJ5"
3353,"LBKD-DLW"
3354,"KNHZ-BKS"
3355,"9Q99-1SS"
3356,"LZP7-4MD"
3357,"LTWN-55N"
3358,"LHLW-GNY"
3359,"29M1-YXQ"
3360,"MM37-JYJ"
3361,"LC8R-19D"
3362,"MFGB-DXQ"
3363,"L8QR-D4S"
3364,"LY41-WWS"
3365,"LC35-711"
3366,"LKKM-4PT"
3367,"M1H8-LPQ"
3368,"9JVC-BJ5"
3369,"LBKD-DLW"
3370,"KNHZ-BKS"
3371,"9Q99-1SS"
3372,"LZP7-4MD"
3373,"LTWN-55N"
3374,"LHLW-GNY"
3375,"29M1-YXQ"
3376,"LV5Z-5JJ"
3377,"MCQW-52D"
3378,"MPY7-TFV"
3379,"LZTX-TXS"
3380,"LTLB-28N"
3381,"L5JF-K6Y"
3382,"LHJB-79B"
3383,"LCT8-QNC"
3392,"LYYR-DKX"
3393,"L691-VS5"
3394,"MZLW-B6H"
3395,"LYM9-4DT"
3396,"LW7N-TGB"
3397,"MKGN-36F"
3398,"2RBD-PSM"
3399,"LBBQ-GFK"
3400,"LCBW-SWD"
3401,"KNCK-1CY"
3402,"LHLH-MXK"
3403,"L6W5-C7D"
3404,"LZLZ-84K"
3405,"MMDM-J2Q"
3406,"LZCP-LLD"
3407,"LZLD-3L6"
3408,"LTYS-JQZ"
3409,"93FD-XVJ"
3410,"GKV2-DZB"
3411,"LTBT-WT8"
3412,"L78G-KDF"
3413,"KNCK-546"
3414,"L1WP-HSH"
3415,"LDYR-KNY"
3416,"L5NP-CRX"
3417,"LHTJ-MDY"
3418,"LZLW-TV9"
3419,"LZLS-915"
3420,"9W1T-VGG"
3421,"LZFW-HTM"
3488,"2SH6-PM4"
3489,"LVNN-6RY"
3490,"KGYZ-N8J"
3491,"KGYZ-NDY"
3492,"G66S-SCH"
3493,"G66S-3B4"
3496,"L7BR-K58"
3497,"L7BR-KBB"
3498,"KP7J-B8B"
3499,"KFL4-ZYS"
3508,"GDJM-FKB"
3509,"GDJM-NWS"
3510,"LVJL-486"
3511,"LVJL-4V9"
3512,"LH3G-8GQ"
3516,"LZWQ-4FR"
3517,"L4L5-1LV"
3518,"G9RF-Z93"
3519,"LK38-KF5"
3552,"KHMC-TD9"
3553,"KZVS-M8L"
3560,"G9TQ-2YP"
3561,"LY26-P7P"
3562,"LH56-JS6"
3563,"L51C-7Y5"
3568,"LT45-9RY"
3569,"LT45-QNY"
3571,"G7CB-PWB"
3572,"LR9T-GCT"
3573,"LR9T-K1H"
3592,"LH6K-4SR"
3593,"K8K2-3VG"
3594,"L2SF-C53"
3595,"LY4H-TSJ"
3596,"LDMP-3GZ"
3597,"LDMP-3YG"
3600,"LKKM-HV9"
3601,"G481-DZK"
3604,"LTVD-9KZ"
3605,"LC8L-517"
3606,"L8YT-5DH"
3607,"L8YT-58F"
3616,"LH4H-TZ2"
3617,"GV46-YZ3"
3618,"KNQJ-749"
3619,"KN77-YKF"
3620,"LHVN-SMK"
3621,"LZ21-81H"
3622,"LVX9-THW"
3623,"MG35-3MM"
3624,"LJKW-RPX"
3625,"L6CH-WM6"
3626,"9WYW-R62"
3627,"LV52-SXP"
3628,"LDL9-RNQ"
3629,"MFDQ-RHW"
3632,"DZB4-KFV"
3633,"LKF5-N3C"
3634,"LZGR-5LC"
3635,"L5YV-GS5"
3640,"LHW9-JQK"
3641,"2MJ4-ZXD"
3642,"LCT4-RKR"
3643,"MG1W-N1H"
3644,"LCYQ-M7Q"
3645,"LZ25-2N3"
3646,"LZKW-MTM"
3647,"9C3R-L5W"
3728,"LV12-SYM"
3729,"LKN9-H4D"
3730,"LHTM-W9G"
3731,"9MC5-XJB"
3732,"LHYH-P65"
3733,"LH38-X9B"
3734,"KZ4G-TZG"
3735,"LTCX-J3D"
3736,"LZL3-28X"
3737,"K2Y1-YHS"
3738,"K244-VCB"
3739,"LLCM-V5L"
3742,"LZCT-RFR"
3743,"LZG4-W67"
3744,"KHG4-B2G"
3745,"KP7K-SQ6"
3746,"LVP9-HZX"
3747,"LDJL-DSG"
3748,"LR24-1R6"
3749,"LR24-119"
3750,"LH77-1T1"
3751,"MRFR-PJW"
3752,"LDTX-F6G"
3753,"LZJP-T5K"
3754,"M9YQ-FY6"
3755,"LKN9-TH4"
3756,"LYB8-8WW"
3757,"MKZZ-DJN"
3758,"LDZN-KJN"
3759,"LRQS-TPB"
3760,"LWX5-LLN"
3761,"L2J4-VN4"
3762,"LZF3-XZR"
3763,"97FH-CGG"
3764,"GMHV-K3W"
3765,"MKCV-YF1"
3766,"LCY4-H51"
3767,"L5NW-P4F"
3768,"LDTX-F6G"
3769,"LZJP-T5K"
3770,"M9YQ-FY6"
3771,"LKN9-TH4"
3772,"LYB8-8WW"
3773,"MKZZ-DJN"
3774,"LDZN-KJN"
3775,"LRQS-TPB"
3776,"LRF8-WJK"
3777,"LBZT-DHR"
3778,"MVSB-QZ8"
3779,"LCC4-7F4"
3780,"MVSB-QZ8"
3781,"LCC4-7F4"
3808,"LDF7-LRP"
3809,"GW3B-X4R"
3810,"6MW2-M4Y"
3811,"LZGJ-9XM"
3814,"99SQ-8R6"
3815,"K2XN-3M9"
3816,"LJRL-VNW"
3817,"MLZ1-77R"
3818,"KNHW-GLH"
3819,"KNHW-9PW"
3820,"LZFD-JW4"
3821,"KLFQ-Z4W"
3822,"LT3J-BXN"
3823,"93WR-TBF"
3840,"GJB4-8NR"
3841,"GGQY-JDZ"
3848,"M2ML-68T"
3849,"LZNF-9WC"
3852,"GJB4-8NR"
3853,"GGQY-JDZ"
3856,"L2XJ-FCY"
3857,"MF9F-3TD"
3858,"LJPN-G4F"
3859,"LKFG-K4Q"
3860,"LZKV-7BP"
3861,"FLSD-5Z4"
3862,"LCC7-LQY"
3863,"LKKM-D3W"
3864,"L2C5-4PM"
3865,"L2C5-4BD"
3866,"LCLY-R45"
3867,"K6MS-9WW"
4066,"LVP9-BT7"
4067,"LZKD-8Q1"
4068,"G6R2-1WH"
4069,"LCPP-SSN"
4070,"9XB1-8XY"
4071,"CM5F-GC5"
4072,"MVB8-TK8"
4073,"LR8R-S2P"
4074,"M3TL-K9N"
4075,"LZ4Z-H4H"
4076,"LZ6X-TXC"
4077,"LR99-J8V"
4640,"G89N-2LN"
4641,"LZLK-WD5"
4644,"LKSL-K3W"
4645,"LCP8-QKF"
4646,"L85P-G46"
4647,"KGC8-L5J"
4652,"LKSL-K3W"
4653,"LCP8-QKF"
4654,"L85P-G46"
4655,"KGC8-L5J"
4676,"GHCM-9TB"
4678,"LTRK-HMK"
4679,"9Q2X-TLS"
4688,"MX8D-7KG"
4689,"MX8D-72C"
4692,"GH1X-28W"
4693,"GH1X-TH2"
4694,"LJ1X-SBK"
4695,"LJ1X-39Q"
4800,"L2ZW-CDV"
4801,"MGQ3-VBH"
4802,"GFDQ-XML"
4803,"GFD3-1C9"
4804,"L2J3-D1V"
4805,"LZV8-ZMW"
4806,"GFDQ-MY9"
4807,"G26C-QYK"
4864,"LY8D-MYD"
4865,"GFWM-6JS"
4992,"GX9D-HBZ"
4994,"GX9D-9FW"
4996,"GFJY-B71"
4997,"KZVN-7G4"
4998,"GFKV-Q7N"
5024,"L8QL-7KH"
5025,"K8V7-2LY"
5026,"GK6R-S96"
5027,"LV3W-V25"
5028,"LX2W-S8S"
5029,"LX2W-D3P"
5030,"GNFG-6JC"
5031,"GF14-SFP"
5032,"GW6N-YR2"
5033,"97WL-WDT"
5034,"L51R-RWV"
5035,"KCRK-VG9"
5036,"LCX2-MXJ"
5037,"LCX2-9QQ"
5038,"G3ZV-VDT"
5039,"L19P-7M4"
5044,"97D6-6VL"
5045,"2Z39-TMS"
5046,"G8FH-DFL"
5047,"GS2Z-352"
5048,"M3ZB-GN3"
5049,"MMVD-1YN"
5052,"LDKC-H19"
5053,"LBZT-LDM"
5054,"MQX1-ZC8"
5055,"2WN2-CTJ"
5120,"LCJW-76F"
5138,"M4QW-XFQ"
5140,"LT52-7C2"
5142,"KCJY-7V8"
5143,"9ZZW-JJ9"
5144,"LVN4-L1P"
5145,"LH3G-3R8"
5146,"LH51-TR2"
5147,"LLHB-4LG"
5148,"LJ26-M8D"
5149,"9V72-SF1"
5150,"GDL4-3PV"
5151,"GDQ2-SWY"
5200,"LZ2R-46Z"
5201,"GQKP-F47"
5204,"GQLK-FQM"
5205,"GK3M-8FB"
5206,"GQLK-J8L"
5208,"G3YY-8G1"
5209,"MXHL-3CF"
5240,"GZ78-RN1"
5241,"GZ3S-N5N"
5242,"MZ5Z-485"
5243,"L58F-8TH"
5244,"MBW6-L45"
5245,"MBQW-CDH"
5252,"LHRY-PJ9"
5253,"LH8K-83N"
5254,"LCMF-6XW"
5255,"LHR8-KRX"
5256,"G4VF-F23"
5257,"G31V-Z7J"
5258,"LB88-3W7"
5259,"GJ96-SKH"
5384,"GKGF-XSV"
5385,"G9SG-1S2"
5388,"L4Y2-GGX"
5389,"LVSZ-KDD"
5390,"GQH9-KGX"
5391,"GQH9-T5S"
5392,"GKGF-XSV"
5393,"G9SG-1S2"
5396,"L4Y2-GGX"
5397,"LVSZ-KDD"
5398,"GQH9-KGX"
5399,"GQH9-T5S"
5410,"GSMP-W34"
5411,"KHP7-532"
5412,"KZ2G-MC7"
5413,"MTCZ-GW1"
5414,"LTPW-BJV"
5415,"LZ6S-3DR"
5424,"LZDS-SXX"
5425,"LZD8-HP5"
5426,"GHHB-76M"
5427,"GCGM-X93"
5432,"G9Z1-RFP"
5433,"GJ7X-NVS"
5434,"94KY-5WF"
5436,"LX3R-GFG"
5437,"27S1-515"
5478,"GN2Q-9CK"
5480,"GSQH-T1S"
5481,"GSQH-RTB"
5482,"LZXY-GZ6"
5483,"LZXY-G7B"
5488,"G2YM-2R7"
5489,"FBSG-ZR8"
5491,"M8F2-CKR"
5492,"9V33-4M4"
5493,"C891-9MH"
5494,"L4M5-JX9"
5495,"L4M5-J2Z"
5512,"LT84-P6X"
5514,"L8MV-L8Q"
5515,"M81B-5KL"
5516,"9HZX-PN8"
5517,"9425-H1W"
5518,"9H5S-VSB"
5519,"M1SK-ZGD"
5520,"L2YB-LYS"
5521,"L2HF-CNR"
5522,"GK6J-63H"
5523,"GK6J-2T9"
5524,"GQ24-2MK"
5525,"GK6V-3Y9"
5526,"LC78-25S"
5527,"LYGX-LZ9"
5528,"2W25-CF3"
5529,"LKF5-NQV"
5532,"LJKP-GT8"
5533,"L26L-3DF"
5534,"GHBD-YKP"
5535,"GHB6-1FS"
5544,"GKGF-XSV"
5545,"G9SG-1S2"
5548,"L4Y2-GGX"
5549,"LVSZ-KDD"
5550,"GQH9-KGX"
5551,"GQH9-T5S"
5552,"GKGF-XSV"
5553,"G9SG-1S2"
5556,"L4Y2-GGX"
5557,"LVSZ-KDD"
5558,"GQH9-KGX"
5559,"GQH9-T5S"
5632,"L8P2-HMH"
5633,"LH84-TZ1"
5634,"2CNB-3WT"
5635,"K1TH-C53"
5636,"GKC4-J28"
5637,"MGCQ-513"
5638,"GKCH-DZP"
5639,"LH9H-W73"
5640,"LHRM-LVC"
5641,"LZKY-RPX"
5642,"GLSF-WNT"
5643,"G3PV-HZ3"
5644,"LKBN-NBT"
5645,"LHKC-826"
5646,"2ZS4-MJP"
5647,"GW3K-3J5"
5648,"LKPM-9TJ"
5649,"LR4M-VF8"
5650,"LZ6K-7NP"
5651,"L6QR-T3D"
5652,"GD5D-8DX"
5653,"LHDS-JYD"
5654,"GJL9-5V5"
5655,"GLSF-9N6"
5656,"LWXR-5VQ"
5657,"LC6Y-16S"
5658,"G6T4-K8G"
5659,"G6TH-95P"
5680,"GM5T-M83"
5681,"2J7F-BLM"
6144,"GJMK-GQK"
6145,"L8QW-5P6"
6146,"MNHX-RM5"
6147,"LDQ3-T5T"
6176,"LZW3-JW7"
6177,"LYQH-5P4"
6178,"GDLN-HFY"
6179,"LJLN-CFB"
6180,"LHX2-R7G"
6181,"LZ2B-7G7"
6182,"KN42-D5P"
6183,"K2SV-SNK"
6184,"L5K2-X13"
6185,"LCQ2-S5D"
6186,"LHT2-PSL"
6187,"M1LL-DSX"
6188,"LYM4-XWP"
6189,"KN3C-8G7"
6190,"LBTN-2R9"
6191,"L55H-2TH"
6272,"LR2N-YFF"
6273,"LZKH-3KN"
6274,"LBMB-FQ9"
6275,"KNFN-VCN"
6276,"L29Q-1PV"
6277,"L519-F2H"
6278,"LVMH-KGL"
6279,"L1MH-MWK"
6280,"LT21-8QW"
6281,"2ZSC-VWX"
6282,"L6TM-HGV"
6283,"LRP3-33H"
6284,"LT14-3VP"
6285,"KN84-ZRC"
6286,"LVQS-24M"
6287,"LJRN-L8N"
6292,"GQX7-RYL"
6293,"KDBG-6GW"
6294,"LZL4-YBB"
6295,"LB54-7H1"
6296,"L1QM-C2W"
6297,"KNDZ-KP2"
6298,"LHW9-JQK"
6299,"2MJ4-ZXD"
6300,"LCVV-VP6"
6301,"LTR2-47J"
6302,"MLY9-W94"
6303,"L7JH-BF1"
6304,"L5G6-J2S"
6305,"MM7X-FB5"
6306,"G613-WR6"
6307,"MHY8-SW1"
6308,"KNSK-631"
6309,"M146-QSZ"
6310,"M19P-7W6"
6311,"MFMF-B67"
6312,"LLCC-G2X"
6313,"GC4Z-DYZ"
6314,"KN8N-VGK"
6315,"L5F5-YMW"
6316,"LTFL-C9R"
6317,"MX4R-4BP"
6318,"M1LN-Z8Z"
6319,"LZLX-21W"
6412,"GWS8-995"
6413,"GWS8-HLT"
6414,"ML7M-ZPS"
6415,"GLJB-X6N"
6656,"GQDR-58W"
6657,"G6K2-TDK"
6660,"L52J-3Q8"
6661,"GH6W-GD4"
6662,"LYV8-8JP"
6663,"9MQ6-T6K"
6672,"L4B7-QNN"
6673,"G7MW-ZLW"
6674,"LTGQ-WVZ"
6675,"LTL7-15J"
6676,"L4T9-F8C"
6677,"GL9T-L6M"
6678,"LZ84-61C"
6679,"GDH2-HG8"
6688,"KCC8-5KK"
6689,"G9RJ-LBS"
6690,"GW3V-BQ5"
6691,"LCWK-QNC"
6692,"MXDW-2VC"
6693,"MYFL-KY6"
6694,"9QZY-X43"
6695,"LYKH-PVT"
6698,"KNQH-T15"
6699,"GK2M-STV"
6700,"LZV6-7D9"
6701,"M7X2-6TY"
6702,"KXHZ-18X"
6703,"LTN1-TBP"
6704,"LZBX-QCJ"
6705,"LCMZ-99B"
6706,"LR8H-184"
6707,"KNQT-X23"
6708,"LK4J-L6C"
6709,"LY41-KZF"
6710,"L4GB-MWD"
6711,"LHLH-DVW"
6712,"LZG6-CH7"
6713,"L89S-6X7"
6714,"LCPZ-6LC"
6715,"LC2J-LNT"
6716,"M1PZ-RZF"
6717,"LZ65-HLN"
6718,"KCYP-6MD"
6719,"KL3T-S8L"
6720,"KCC8-5KK"
6721,"G9RJ-LBS"
6722,"GW3V-BQ5"
6723,"LCWK-QNC"
6724,"MXDW-2VC"
6725,"MYFL-KY6"
6726,"9QZY-X43"
6727,"LYKH-PVT"
6730,"KNQH-T15"
6731,"GK2M-STV"
6732,"LZV6-7D9"
6733,"M7X2-6TY"
6734,"KXHZ-18X"
6735,"LTN1-TBP"
6736,"LZBX-QCJ"
6737,"LCMZ-99B"
6738,"LR8H-184"
6739,"KNQT-X23"
6740,"LK4J-L6C"
6741,"LY41-KZF"
6742,"L4GB-MWD"
6743,"LHLH-DVW"
6744,"LZG6-CH7"
6745,"L89S-6X7"
6746,"LCPZ-6LC"
6747,"LC2J-LNT"
6748,"M1PZ-RZF"
6749,"LZ65-HLN"
6750,"KCYP-6MD"
6751,"KL3T-S8L"
6752,"94KW-5BX"
6753,"GG9D-21Y"
6756,"9Q79-D4W"
6757,"K8JB-8HJ"
6758,"MN6V-LHB"
6759,"MD2P-4C4"
6760,"LZ52-RZG"
6761,"LHCM-Y72"
6762,"KNQ2-G7R"
6763,"LTZG-LLZ"
6764,"LVHS-MMT"
6765,"GQ5B-PB6"
6766,"GXWW-BBM"
6767,"LKFB-L5X"
6784,"LTFV-PRT"
6785,"LDSY-R1V"
6786,"MJQ5-7SH"
6788,"LZ9S-3KP"
6789,"LZFT-D24"
6790,"K6WV-NKD"
6791,"9CJF-L66"
6792,"LZP6-W38"
6793,"LVS9-BJ8"
6796,"L6TT-WBN"
6797,"MPPB-LWF"
6798,"KN3G-PSQ"
6799,"GZLG-8GW"
6800,"MKWG-J2F"
6801,"LBQW-XXK"
6802,"MZLW-B6H"
6803,"LYM9-4DT"
6804,"G9QC-F47"
6805,"LZ89-W28"
6806,"LH5N-BRF"
6807,"KL75-5CP"
6808,"8B91-NBN"
6809,"LZDT-N1G"
6812,"LTCR-BY2"
6813,"LZ8Z-GYN"
6814,"LBS5-2CC"
6815,"LYHY-3GT"
6816,"LCZT-48G"
6817,"LZVT-QKT"
6818,"LHN6-VQW"
6819,"971N-SXM"
6820,"KN6H-9WZ"
6821,"2JYT-CQF"
6822,"L5TM-1N5"
6823,"9C7P-8NG"
6824,"9SQ5-XQ1"
6825,"KN7W-Y15"
6826,"M5S3-Y2Z"
6827,"9HWJ-D1G"
6828,"M4DW-72G"
6829,"M4DW-SSC"
6830,"M2G2-MGP"
6831,"LBHH-QFJ"
6832,"LCXM-SS5"
6833,"LQRJ-TB2"
6834,"LTGL-7MW"
6835,"99KF-WR6"
6836,"9C3Q-FTP"
6837,"9VW1-RM4"
6838,"LZDQ-5BJ"
6839,"LV6C-KW9"
6840,"LJRY-LG7"
6841,"9SWX-LGC"
6842,"9CSG-XNJ"
6843,"9CSG-DS7"
6976,"2SH6-P6L"
6977,"LZN8-4WK"
6978,"KGW7-FQ4"
6979,"273C-Q82"
6980,"LC61-WTX"
6981,"LCXH-D8X"
6982,"273C-Q73"
6983,"GXN6-B1C"
6992,"LLW3-HF8"
6993,"LHVQ-WBZ"
6994,"LCMQ-7WL"
6995,"LH3M-JMH"
6996,"GMQG-D2C"
6997,"KP7J-BHF"
6998,"KFL4-Z1M"
6999,"LR12-2DL"
7016,"GDKS-8JS"
7017,"GW24-LZL"
7018,"MB23-ZZL"
7019,"G4N2-LSN"
7020,"GHHP-TBM"
7021,"GWKC-QWJ"
7024,"K8XQ-D6K"
7025,"L1J4-JLH"
7032,"K8CB-RH1"
7033,"2MRR-XF1"
7034,"LDM7-69D"
7035,"LDM7-XFT"
7036,"LTH9-3K5"
7037,"G93D-2Z4"
7038,"GLD9-RF6"
7039,"GF14-8PR"
7120,"LHX8-PZW"
7121,"L11S-5GG"
7124,"LH56-F8D"
7125,"KNB6-1XT"
7136,"LJRC-LBT"
7137,"GQW1-BVS"
7138,"LRSG-4G7"
7139,"LX3Y-ZR4"
7144,"L2NR-96K"
7145,"GS3J-VXN"
7146,"LYWZ-67C"
7147,"LR34-7MK"
7188,"GV7Q-5NC"
7189,"GV7Q-VNJ"
7190,"9FDP-FP8"
7191,"MWMR-TZB"
7192,"LT6N-YQP"
7193,"LDMP-5DJ"
7194,"GS5Y-5BR"
7195,"GXNK-782"
7200,"GL8P-ZTL"
7201,"GN2S-S4Q"
7202,"GLQ9-HBM"
7203,"GLQ9-N24"
7208,"LK45-S6S"
7209,"LDBH-XWF"
7210,"KPDP-HPW"
7211,"GDS9-PKQ"
7212,"LJP3-BFG"
7214,"LHN9-DP6"
7215,"LZXT-DMX"
7236,"27CC-7NW"
7237,"99H5-6S1"
7238,"99WH-WYF"
7239,"93WJ-W32"
7240,"L4SD-9P9"
7241,"LCRN-HG7"
7242,"LC58-5BW"
7243,"LVF1-FQC"
7244,"LZF3-YSF"
7245,"G3FH-Z7Y"
7246,"LRYF-MJN"
7247,"LTSD-YTG"
7248,"MTDG-2WT"
7249,"LH1D-GQT"
7252,"K6S9-WRQ"
7253,"K8CY-ZVR"
7254,"KHG3-6LY"
7255,"GLFF-83H"
7256,"LZN7-DXZ"
7257,"9M6R-HDZ"
7258,"G786-2KJ"
7259,"G2MB-7KH"
7264,"GGPQ-9MV"
7265,"L5K1-TS4"
7266,"MJZN-F5S"
7267,"9HLS-K82"
7268,"LCY7-618"
7269,"L1C6-VBZ"
7270,"M9DB-TRM"
7271,"FYFQ-6H2"
7280,"GGCJ-VX7"
7281,"24RL-5Q2"
7282,"GGCJ-7H9"
7284,"LCJ5-6PN"
7285,"LHKG-3ZH"
7286,"LBCZ-J6B"
7287,"933D-4PJ"
7288,"LK39-14C"
7289,"L45Q-PJK"
7290,"MBBB-BKL"
7291,"MM91-C2D"
7292,"LTB1-VV8"
7293,"KNSK-V13"
7294,"L8M2-Z6D"
7295,"GM1J-YXT"
7456,"GQKS-ZQN"
7458,"GG26-MNK"
7459,"MVSH-1H7"
7460,"LK89-7CM"
7461,"GZD2-3L7"
7464,"278V-D5D"
7465,"KNS6-8YW"
7468,"LTFH-N5K"
7469,"GVCH-8FT"
7470,"LY1X-KMN"
7471,"LY1X-DN8"
7472,"LB5C-CBK"
7473,"98KF-K7W"
7474,"MFY6-X1V"
7475,"LH1P-P48"
7476,"KVV9-MND"
7477,"LHDW-Z13"
7478,"LT9K-4M5"
7479,"LT71-BBB"
7484,"MVLJ-KYX"
7485,"LH6L-3CG"
7486,"LZCT-RN4"
7487,"MTMV-LGC"
7488,"GX7M-P5C"
7489,"GCRR-39Y"
7492,"LVP9-TDH"
7493,"KNZF-7ZP"
7494,"KFP8-VXB"
7495,"9CH3-3YK"
7496,"LTQL-SY2"
7497,"LT65-PG5"
7498,"LTL9-6VH"
7499,"L517-J2S"
7500,"LCB4-7MY"
7501,"LJLW-DVT"
7502,"L2RY-RMS"
7503,"MFLL-CQP"
7510,"2CNY-4TZ"
7511,"GDYP-K8G"
7512,"L63C-KFW"
7513,"L5RT-5TP"
7516,"LTX1-CZJ"
7517,"M5SX-ZVF"
7518,"LZNS-L5L"
7519,"MKPS-LJ3"
7520,"LZK4-BRS"
7521,"LVGD-JJP"
7522,"LZRJ-2PV"
7523,"LDBK-GW7"
7524,"LH76-9Q9"
7525,"L626-CWF"
7526,"LY9V-M9Q"
7527,"GLHH-P7Z"
7530,"KL13-5W8"
7531,"KL13-5ZM"
7532,"GMHV-VNV"
7533,"LZNL-4RQ"
7534,"K2DX-514"
7535,"G8VN-TVM"
7542,"2CNY-4TZ"
7543,"GDYP-K8G"
7544,"L63C-KFW"
7545,"L5RT-5TP"
7548,"LTX1-CZJ"
7549,"M5SX-ZVF"
7550,"LZNS-L5L"
7551,"MKPS-LJ3"
7552,"GVGS-74R"
7553,"GG5T-8FV"
7554,"LKDR-T8Y"
7555,"LZ84-Y7B"
7556,"M16R-BBB"
7557,"LCRJ-Z2J"
7558,"LHXC-PKG"
7559,"LHFX-3Q6"
7560,"M16R-BBB"
7561,"LCRJ-Z2J"
7562,"LHXC-PKG"
7563,"LHFX-3Q6"
7616,"LZR3-NY6"
7617,"M4YQ-FPY"
7618,"2M5Y-XNY"
7619,"L6S9-86J"
7620,"KN84-VTZ"
7621,"LCZQ-JN5"
7622,"L66T-8Z1"
7623,"LB4Q-H2M"
7630,"LZJ2-X2F"
7631,"LTRK-J6N"
7632,"GLMW-QP8"
7633,"GV2N-LWM"
7636,"LDNL-V86"
7637,"MPRQ-SB2"
7638,"M3M4-FBR"
7639,"LC6G-R4M"
7640,"K6MW-MPX"
7641,"LRT7-RNL"
7642,"GLQH-NXS"
7644,"LHX6-Y3R"
7645,"9M1J-RT8"
7646,"LRQS-P26"
7647,"G41Z-P5J"
7680,"L6MN-76J"
7681,"GQJ5-H17"
7682,"L6ZM-DCH"
7683,"2472-Q4C"
7696,"LHRG-PTG"
7697,"LD7H-L2H"
7698,"21JK-MZN"
7699,"LVDK-9G8"
7704,"L6MN-76J"
7705,"GQJ5-H17"
7706,"L6ZM-DCH"
7707,"2472-Q4C"
7712,"LHDY-HGC"
7713,"L4WY-B1K"
7716,"LT4P-JB6"
7717,"KFYH-4DB"
7718,"LBHC-1GB"
7719,"M647-VJ7"
7720,"9H7T-23M"
7721,"LYCX-N26"
7722,"KNHF-62Z"
7723,"2J3H-VNX"
7724,"LLC5-ZF7"
7725,"L8W9-D5Y"
7726,"KNHN-7H9"
7727,"M213-RSR"
7728,"MS89-51B"
7729,"MS89-RMK"
7730,"GS4P-TKS"
7731,"24R3-34W"
7732,"2Z35-FWN"
7733,"KK1G-DVT"
7734,"KK1G-DF4"
8132,"9NSH-J3W"
8133,"L4JV-TC1"
8134,"MMLC-FWQ"
8136,"LTLL-9ZF"
8137,"G7FR-89L"
8138,"LZFT-26P"
8139,"L16V-2JK"
8148,"LJP2-VHC"
8149,"LTCT-TYY"
8150,"GGWK-6WH"
8151,"LV58-1DS"
8152,"L1DN-SVG"
8153,"MRHD-KV1"
8154,"LHGL-PNM"
8155,"9CXJ-RQ8"
9280,"LT26-GVL"
9281,"4221-9Y1"
9292,"G2HZ-FNQ"
9293,"GK2B-SZX"
9308,"G2HZ-FNQ"
9309,"GK2B-SZX"
9356,"G9C7-Z7H"
9357,"KZT6-ZH2"
9376,"MPKT-ZV1"
9377,"4561-JZS"
9378,"MLW3-9L8"
9388,"LCTD-DD5"
9389,"LCTD-D89"
9600,"G9SV-3KD"
9601,"LVDS-JVG"
9602,"GFDQ-CQF"
9603,"GFDQ-ZG6"
9604,"GFDQ-ZGZ"
9605,"GFDQ-6XY"
9608,"L2X4-366"
9609,"LCXS-RKK"
9610,"GMFX-29D"
9611,"K8TP-4P5"
9728,"G8VC-312"
9729,"LZF2-CVH"
9730,"GFWM-K36"
9731,"GFWM-DMC"
9992,"LT61-JWC"
9994,"GFJB-3NH"
9995,"GFJB-P3Z"
10048,"LRLJ-Y4Q"
10049,"GXRX-BRZ"
10050,"26LN-WN5"
10051,"LZZC-W4G"
10054,"GGV7-6R2"
10055,"LTN4-31L"
10056,"GZ7K-YYN"
10057,"GZB2-CQ8"
10058,"GDDM-F1Q"
10059,"LHGV-9M2"
10060,"L5YF-XW9"
10061,"GKK1-YTJ"
10062,"GJ7T-FV7"
10063,"GJ7T-H12"
10064,"GQKY-HM4"
10065,"GVZR-TN4"
10068,"KCMK-F8D"
10069,"KCS3-DMC"
10070,"LRKS-DTM"
10071,"LRKS-4SN"
10076,"M3TT-NCD"
10077,"M3TT-NZ9"
10078,"GLZW-DKT"
10088,"LC3L-QTJ"
10089,"L8W9-QXF"
10090,"MQ23-8QW"
10091,"9N83-41R"
10092,"LBZZ-846"
10093,"GLV3-815"
10094,"L8WD-WC7"
10095,"L8WD-WX3"
10104,"GHJV-NBV"
10105,"GHJV-X6H"
10106,"L6VF-Q1R"
10107,"G4PP-GHZ"
10108,"G25R-1L2"
10109,"G983-SS6"
10110,"GLJY-1NP"
10111,"GLJB-ZJN"
10240,"LCJW-75T"
10241,"LB59-WVN"
10286,"GHZF-RRD"
10287,"GHZF-642"
10288,"G99B-GTX"
10289,"LVKG-XG8"
10290,"21JK-QC9"
10291,"LH3G-3RY"
10292,"9C4G-MKY"
10293,"LBJF-DFY"
10294,"969F-PCX"
10295,"LVF8-QZT"
10296,"LHLT-TX5"
10297,"MZWB-RL6"
10298,"L8P5-9D7"
10299,"GQ33-5FX"
10300,"LHLY-BQ1"
10301,"MBGH-S8P"
10400,"G4XN-HWP"
10401,"G4XN-2GC"
10402,"GS29-D2R"
10403,"K8X3-LLT"
10416,"MPYC-V2Z"
10417,"MPYC-V2R"
10418,"MXHL-3ZM"
10419,"G64V-VDD"
10480,"LZ2R-46Z"
10481,"GQKP-F47"
10484,"GQLK-FQM"
10485,"GK3M-8FB"
10486,"GQLK-J8L"
10488,"G3YY-8G1"
10489,"MXHL-3CF"
10504,"LZLD-383"
10505,"L6PY-85Y"
10506,"L587-4GT"
10507,"LH8K-D3Z"
10508,"G6W8-6JS"
10509,"G4WW-JPV"
10510,"KHQC-584"
10511,"LZPL-VDX"
10512,"LYTP-924"
10513,"9788-PXV"
10514,"G21B-XWP"
10515,"G21B-8M1"
10516,"MLHP-G2D"
10517,"K69Z-VQ7"
10518,"LBJZ-R2L"
10519,"LBJZ-RL8"
10768,"MHDN-3JD"
10769,"KLGQ-BPQ"
10776,"G3SN-R6H"
10777,"LT9G-JNY"
10778,"LHZR-F94"
10779,"L1Q6-NK2"
10780,"GL9V-CWL"
10781,"LJ2W-FCH"
10784,"MHDN-3JD"
10785,"KLGQ-BPQ"
10792,"G3SN-R6H"
10793,"LT9G-JNY"
10794,"LHZR-F94"
10795,"L1Q6-NK2"
10796,"GL9V-CWL"
10797,"LJ2W-FCH"
10820,"GSFQ-FBZ"
10821,"GF4J-W5J"
10822,"LYJJ-2LG"
10823,"LK75-MS2"
10824,"KD9V-76T"
10825,"K8PQ-2MH"
10828,"LCRX-JB4"
10829,"LHQR-NDN"
10830,"M27Z-C27"
10831,"M27Z-C2L"
10848,"LWKS-SWF"
10849,"LC8L-QHD"
10850,"MS8F-DL4"
10851,"MS8F-DL5"
10854,"GDWS-RJP"
10855,"GDGK-MH1"
10864,"KLGM-377"
10865,"L4J3-T3G"
10868,"GNVD-JMZ"
10869,"GNVD-CB4"
10872,"GL84-FS1"
10873,"GGJP-T9D"
10874,"LHKZ-DJG"
10875,"LZD2-6HT"
10960,"KNZL-2GH"
10961,"KNZG-8WN"
10962,"LB68-Q7P"
10963,"LB68-332"
10964,"9HJR-B9D"
10965,"9HJR-BSY"
10966,"LZXY-GQN"
10967,"GSQH-B63"
10978,"G92P-C53"
10982,"G92Y-GB4"
10983,"G92Y-2ZX"
10988,"LWFL-7C6"
10989,"LWFL-78Z"
10990,"L24J-S21"
10991,"L4HS-VDG"
11024,"GFHC-FB3"
11025,"GFHC-BYC"
11032,"LH1P-T42"
11033,"9H7Q-96C"
11034,"LKP8-R87"
11035,"GXGC-3S1"
11036,"LRDR-192"
11037,"K6HN-S6V"
11038,"94YN-5LG"
11039,"MNWM-2KT"
11040,"G96W-9GY"
11041,"2HSD-7G9"
11042,"LTZH-SRD"
11043,"GD31-995"
11044,"G6QZ-D8F"
11045,"KCHK-NG1"
11046,"G297-L1H"
11047,"G29W-D4Z"
11048,"GMTC-WVH"
11049,"GKYJ-KY9"
11050,"GKYJ-LNY"
11051,"MKFJ-18G"
11052,"9CDG-YVS"
11053,"G8SJ-HMD"
11054,"MPK4-M6F"
11055,"LCYM-7WK"
11056,"9WMK-G8T"
11057,"MFGM-PCD"
11066,"G3YC-C4X"
11088,"MHDN-3JD"
11089,"KLGQ-BPQ"
11096,"G3SN-R6H"
11097,"LT9G-JNY"
11098,"LHZR-F94"
11099,"L1Q6-NK2"
11100,"GL9V-CWL"
11101,"LJ2W-FCH"
11104,"MHDN-3JD"
11105,"KLGQ-BPQ"
11112,"G3SN-R6H"
11113,"LT9G-JNY"
11114,"LHZR-F94"
11115,"L1Q6-NK2"
11116,"GL9V-CWL"
11117,"LJ2W-FCH"
11264,"LH84-TN7"
11265,"LCQM-9PP"
11266,"GV3Y-ZBJ"
11267,"L5LJ-F7F"
11268,"L7GZ-1LS"
11269,"MKFF-J4J"
11270,"GJBZ-926"
11271,"GJBD-X3C"
11274,"G2HB-BKP"
11275,"LH6R-6H3"
11278,"LZFP-RHQ"
11279,"LZFP-RNM"
11280,"GZGF-7TT"
11281,"GZGF-DZZ"
11282,"GLSN-Y8F"
11283,"GLSN-DJJ"
11284,"LZ82-ZKY"
11285,"GLJ3-16W"
11286,"LCZ1-TGP"
11287,"G2WB-KN5"
11288,"LB2N-TRL"
11289,"GGMH-MMR"
11290,"LK5W-8N2"
11291,"LHKC-8Z8"
11292,"LTH8-G8H"
11293,"G8CT-4PJ"
11294,"LZTK-R1F"
11295,"LDRX-4RH"
11296,"LHRM-LVC"
11297,"LZKY-RPX"
11298,"GLSF-WNT"
11299,"G3PV-HZ3"
11300,"LKBN-NBT"
11301,"LHKC-826"
11302,"2ZS4-MJP"
11303,"GW3K-3J5"
11304,"G3WP-ZRN"
11305,"M79V-QTK"
11306,"9VCL-P29"
11307,"LT8R-MK9"
11310,"L8JL-Y5Y"
11311,"LZKH-KDH"
11312,"L4PM-WSH"
11313,"L824-V55"
11314,"LRW8-ZV8"
11315,"GMW7-2CT"
11360,"GKGF-JN2"
11361,"GKGN-C93"
11362,"L8SF-2N1"
11363,"LH38-W3J"
12288,"L5YQ-1P5"
12289,"9S1F-SK9"
12290,"L89W-NH7"
12291,"9HFS-4X2"
12292,"2XM9-NX7"
12293,"MM42-1YW"
12294,"MMJS-45N"
12352,"KLZR-NGW"
12353,"G6VN-Q2B"
12354,"LBWW-959"
12355,"GJT3-QJL"
12360,"LC3K-BZL"
12361,"LK89-JZF"
12364,"MF1L-RL1"
12365,"MBVL-XV3"
12366,"LZK8-B63"
12367,"K4YD-7GV"
12368,"LHSH-ZN5"
12369,"LH8F-89Q"
12370,"L1W1-4TP"
12371,"L1W1-WYR"
12372,"GZBH-4FT"
12373,"LYY8-M5S"
12374,"LCTW-J29"
12375,"LDZC-7RP"
12376,"LC53-547"
12377,"4KZQ-J1Y"
12378,"LTQS-MKG"
12379,"L61P-SLG"
12380,"GCQJ-WGD"
12381,"MRP1-NL8"
12382,"LBQQ-XJR"
12383,"KH1M-G5L"
12544,"G2QQ-7B3"
12545,"G2QQ-5P7"
12546,"G8SM-SWL"
12547,"GXFH-HYY"
12548,"LZF1-Y1K"
12549,"LR7D-P75"
12550,"LYQD-P2V"
12551,"LYJW-DHW"
12552,"LT26-S8F"
12553,"L5B2-TCK"
12554,"9ZWS-PRD"
12555,"M2T7-KFZ"
12556,"GGQ3-XY5"
12557,"GGQ3-XY6"
12558,"LKCL-HKK"
12559,"LBBC-2CV"
12560,"MSFS-RBX"
12561,"LY7C-XMX"
12562,"L519-8KC"
12563,"9MQD-9FV"
12564,"K6FS-BMC"
12565,"LYZC-MX8"
12566,"LYC9-H21"
12567,"GNQH-CVK"
12568,"LT26-S8F"
12569,"L5B2-TCK"
12574,"MDWF-RMQ"
12575,"LH1G-18W"
12584,"GMZP-7CS"
12585,"G6HM-6DN"
12586,"M37Q-QM3"
12587,"W1Y3-ZHX"
12588,"MJT3-4R9"
12589,"LVQS-M6N"
12590,"LCVD-S77"
12591,"MYBH-NBT"
12592,"LZXD-QT6"
12593,"LD2S-7JF"
12594,"MYT6-KWR"
12595,"G8J7-26Y"
12596,"GGCJ-VX7"
12597,"24RL-5Q2"
12598,"GGCJ-7H9"
12600,"L1D3-XP5"
12601,"MNMT-36M"
12602,"KNCL-Y45"
12603,"LYDY-LLM"
12604,"LTR2-RPT"
12605,"LTR2-ZXP"
12606,"MP3L-1JJ"
12608,"M5QM-15N"
12609,"LKKM-HJT"
12610,"LKKM-HJ7"
12611,"LZ3J-9SN"
12612,"MNQ2-M7J"
12613,"MNQ2-MWC"
12614,"LCFK-X4R"
12615,"LCFK-CMR"
12616,"LYDH-J6P"
12617,"LYDH-XRG"
12618,"9V4K-YPY"
12619,"LZ21-84K"
12620,"LDP6-6Y8"
12621,"9SSX-7D1"
12622,"K6H9-WNH"
12623,"M6TC-85P"
12624,"KPSY-WR1"
12625,"L6S9-5RP"
12626,"GXWK-2L1"
12627,"GC46-VB1"
12628,"M9XK-ZTW"
12629,"GJTC-6MR"
12630,"LHTY-X7L"
12631,"LBZZ-JNQ"
12632,"GV5Y-SSZ"
12634,"MRPL-42M"
12635,"4YZ5-NW5"
12638,"LKLX-62Q"
12639,"GKRM-WL5"
12828,"G47B-1G6"
12830,"LQRD-LWC"
12831,"LQRD-L33"
13312,"GKLX-4D2"
13313,"GKL6-Y7K"
13314,"G6KL-S19"
13315,"G6KL-MPY"
13320,"G9VM-LPK"
13321,"LZZ8-4FF"
13322,"LBHY-ST6"
13323,"MDNN-RVZ"
13324,"LDBQ-HYH"
13325,"GQP1-DV2"
13326,"9MQ6-YH8"
13327,"LJYZ-951"
13344,"GF8L-YQM"
13345,"M9VN-HKW"
13348,"MYW3-QG8"
13349,"KZQ9-LF1"
13350,"KNC5-YXW"
13351,"LR34-NW4"
13352,"LHG9-NRH"
13353,"9F94-ZLW"
13356,"MNM3-CJP"
13357,"G2R6-QL8"
13376,"LY23-PJP"
13377,"LRYS-GMS"
13382,"LKQM-375"
13383,"KNWK-93N"
13384,"LVGD-XMQ"
13385,"L8QK-WDL"
13387,"GGQ1-D98"
13388,"G9LN-5BP"
13389,"C6RW-LD3"
13390,"LYV8-W5D"
13391,"9JCC-DJV"
13400,"99G4-9N9"
13401,"9C6F-VV1"
13404,"LYPG-NRR"
13405,"K8XN-4XX"
13406,"MS6K-51H"
13407,"LRCW-9S7"
13408,"LW32-XVT"
13409,"L1MX-H11"
13410,"M116-RSS"
13411,"KHRG-1DH"
13414,"LZBX-QW5"
13415,"L5PC-BG4"
13416,"GMRR-RWP"
13417,"9QHJ-R72"
13418,"GLCF-LM7"
13419,"GLCF-G3J"
13420,"LR9T-8S4"
13421,"G8P9-CRM"
13422,"LZK8-1X7"
13423,"LZ8B-H42"
13424,"LZGX-QSS"
13425,"LZGL-8S9"
13426,"L56L-T6G"
13427,"MSXY-RLJ"
13428,"KHTQ-SLN"
13429,"KCK7-H6T"
13430,"M1TG-G3T"
13431,"M1TG-GQJ"
13432,"LZG6-CH7"
13433,"L89S-6X7"
13434,"MQ23-W7W"
13435,"LYLK-H5M"
13436,"L83Z-8C7"
13437,"LDJX-TKJ"
13440,"LY23-PJP"
13441,"LRYS-GMS"
13446,"LKQM-375"
13447,"KNWK-93N"
13448,"LVGD-XMQ"
13449,"L8QK-WDL"
13451,"GGQ1-D98"
13452,"G9LN-5BP"
13453,"C6RW-LD3"
13454,"LYV8-W5D"
13455,"9JCC-DJV"
13464,"99G4-9N9"
13465,"9C6F-VV1"
13468,"LYPG-NRR"
13469,"K8XN-4XX"
13470,"MS6K-51H"
13471,"LRCW-9S7"
13472,"LW32-XVT"
13473,"L1MX-H11"
13474,"M116-RSS"
13475,"KHRG-1DH"
13478,"LZBX-QW5"
13479,"L5PC-BG4"
13480,"GMRR-RWP"
13481,"9QHJ-R72"
13482,"GLCF-LM7"
13483,"GLCF-G3J"
13484,"LR9T-8S4"
13485,"G8P9-CRM"
13486,"LZK8-1X7"
13487,"LZ8B-H42"
13488,"LZGX-QSS"
13489,"LZGL-8S9"
13490,"L56L-T6G"
13491,"MSXY-RLJ"
13492,"KHTQ-SLN"
13493,"KCK7-H6T"
13494,"M1TG-G3T"
13495,"M1TG-GQJ"
13496,"LZG6-CH7"
13497,"L89S-6X7"
13498,"MQ23-W7W"
13499,"LYLK-H5M"
13500,"L83Z-8C7"
13501,"LDJX-TKJ"
13506,"GCDX-Y1F"
13507,"GCDF-SCP"
13512,"LZ8B-P7G"
13513,"G25M-718"
13514,"G25M-71X"
13518,"L4QL-DR8"
13519,"LKSN-6VZ"
13520,"G6V2-GXR"
13521,"G6V2-N9C"
13522,"LRNV-HDJ"
13523,"GV3N-BRB"
13524,"9SGS-LLY"
13525,"LTZG-7QD"
13526,"L5JK-DN7"
13527,"L5JK-FHH"
13528,"LKJP-B2B"
13529,"LKJP-BTZ"
13532,"K4KT-7T3"
13533,"LBWJ-B46"
13534,"KT7L-3BH"
13535,"KFTL-RK8"
13568,"L4MP-K3N"
13569,"LTZJ-7J6"
13570,"LCZB-8FW"
13571,"GH16-P4B"
13572,"LZDF-G3J"
13573,"KCD2-DND"
13578,"LCFK-X4R"
13579,"LCFK-CMR"
13580,"LYSM-2T3"
13581,"27BK-MZJ"
13582,"LCY7-Y2Z"
13583,"KNQF-8V1"
13584,"LT9H-QRT"
13585,"LCZ3-H2C"
13586,"MPBK-XX9"
13587,"LHQD-XD7"
13592,"G77Z-Z46"
13593,"LV63-8N9"
13594,"K88G-6GF"
13595,"GMV4-9QX"
13596,"M7Z9-H3L"
13597,"G6D3-W6M"
13600,"9NNL-94G"
13601,"LDHH-1SZ"
13602,"LZV3-B9C"
13603,"LRWG-MD2"
13604,"LZ9S-3KP"
13605,"LZFT-D24"
13606,"K6WV-NKD"
13607,"9CJF-L66"
13608,"L51L-WWQ"
13609,"4D7S-72R"
13610,"L1NV-S4M"
13611,"LZJN-8F7"
13612,"LRRM-MF4"
13613,"MKV7-QJ1"
13614,"GK1N-WW5"
13615,"GNB2-F6H"
13616,"LKRH-HZ5"
13617,"L6ZH-47V"
13618,"KC9F-29S"
13619,"GC29-LF2"
13624,"MQ23-W7W"
13625,"LYLK-H5M"
13626,"MYZN-R1Y"
13627,"MS9C-CZG"
13628,"9QND-1VJ"
13629,"LT4C-N8Z"
13630,"LRBW-S1K"
13631,"9QCV-71Q"
13634,"9X7X-T83"
13635,"KXJX-QNL"
13636,"94RB-17S"
13637,"M4MX-3Q3"
13638,"LZV6-VDJ"
13639,"9DTT-B4C"
13640,"L4T9-F8C"
13641,"GL9T-L6M"
13642,"LZ84-61C"
13643,"GDH2-HG8"
13646,"9WFC-R9G"
13647,"LH7F-3VF"
13648,"M2HJ-YXC"
13649,"LRD7-6PR"
13650,"9VZ4-58K"
13651,"LBHP-3XP"
13652,"LHN6-VQW"
13653,"971N-SXM"
13654,"MHF1-GJM"
13655,"LCXD-W4Q"
13656,"9SN8-G9S"
13657,"9SN8-GS9"
13658,"LZK8-1X7"
13659,"LZ8B-H42"
13660,"KNQC-TPX"
13661,"MHQD-CG2"
13662,"GG3P-VD8"
13663,"GG3P-ZWY"
13664,"LVJ4-2JN"
13665,"M48V-B4S"
13666,"MRWG-2HW"
13667,"LBXK-G95"
13668,"L6J8-K1B"
13669,"LCXQ-1TC"
13670,"LTZ3-QBX"
13671,"MMBF-6QD"
13672,"LCJV-PJV"
13673,"LZV3-Y1Q"
13674,"L8MR-JWC"
13675,"LCTG-GDK"
13676,"LK6S-1R5"
13677,"LRC9-346"
13678,"L6TB-GCZ"
13679,"GLSZ-31Y"
13680,"LJYB-KZZ"
13681,"LJRY-1TW"
13682,"L5FQ-8ND"
13683,"K1D9-YFQ"
13684,"LJ59-498"
13685,"KNZC-HSP"
13952,"L1H2-GPQ"
13953,"LHLW-YKR"
13954,"KGSH-BDP"
13955,"LZKW-PN5"
13956,"K2M8-J3G"
13957,"K2M8-J8S"
13959,"LZXJ-1LJ"
13960,"LCJY-N2N"
13961,"LCJY-NV8"
13962,"L5PB-8HH"
13963,"LZFS-XJH"
13964,"LH84-SK2"
13965,"LW9M-4CW"
13966,"9VSB-B74"
13967,"KL89-JZ1"
13984,"GWHD-6ZX"
13985,"GC84-K87"
13986,"MLC2-DKC"
13987,"MLC2-DRG"
13988,"L6P5-G1X"
13989,"L6P5-PMJ"
13992,"L139-YZH"
13993,"L7JB-17Q"
13994,"KVV8-GD3"
13995,"KVV8-GF1"
13996,"9N4X-NWV"
13997,"CWXS-ZML"
13998,"LJLP-MGT"
13999,"LD54-GJD"
14032,"GXSL-TMD"
14033,"K6HY-MDW"
14034,"GXST-LC4"
14035,"9DM1-3HT"
14036,"LRSY-7SL"
14037,"G4NL-31V"
14038,"KP41-ZHF"
14039,"L6CF-Y2T"
14040,"GDLH-V89"
14041,"G8TV-T6B"
14064,"G9XD-M2H"
14068,"LDMW-8HS"
14069,"LDMW-XW2"
14072,"GVWZ-RNH"
14073,"LHJC-8G6"
14074,"GVW8-MDP"
14078,"GF14-XMP"
14248,"GDZD-TWP"
14249,"GDZD-5W5"
14272,"LHNC-6PX"
14273,"LHNC-X9W"
14274,"G34Z-234"
14275,"G34Z-FY8"
14276,"GQSJ-L9L"
14277,"GQLC-ZX1"
14278,"GMXT-S37"
14279,"GMXT-9ST"
14288,"LR9T-GRV"
14289,"LR9T-P8R"
14292,"LR9G-LMH"
14293,"LR9G-P7P"
14294,"LYQ1-331"
14295,"LYQ1-75X"
14376,"MK41-ZMM"
14377,"GKHT-R5P"
14378,"GKB4-9BF"
14380,"LR5H-Q31"
14381,"LR5H-3VC"
14382,"LZN6-KZM"
14383,"LWKR-787"
14384,"L1PV-GYV"
14385,"L1KT-NLM"
14386,"GLTV-8G5"
14387,"GKYS-LZV"
14388,"GVTW-RRD"
14390,"GSB1-4BD"
14402,"GDRX-9KF"
14403,"GN29-X3Y"
14416,"LQR8-Z9Y"
14417,"GZLH-5SW"
14420,"G6XF-NL3"
14421,"9XSD-CKN"
14422,"L2GG-MKL"
14423,"L2GG-MGK"
14428,"LJP3-11V"
14429,"GHPK-C5N"
14430,"MW33-8DV"
14431,"9VLJ-N38"
14476,"LZ2F-MM7"
14477,"LHVB-P72"
14478,"KXML-7XC"
14479,"M9MF-PND"
14484,"LC58-RFD"
14485,"MZ63-Y3K"
14486,"G2RH-671"
14487,"G2RH-1GK"
14488,"GL4K-6CP"
14489,"GGMK-162"
14490,"G9BX-6C8"
14491,"GJ9D-YWL"
14492,"KZDR-B1N"
14493,"LJLT-XS7"
14494,"LR6V-SG5"
14495,"G7VQ-MFF"
14496,"M11G-B89"
14497,"9336-4BD"
14516,"MF5B-81P"
14517,"GCRN-YNK"
14530,"LBFN-R2K"
14531,"LRLG-3BG"
14532,"LY1D-VRZ"
14533,"MMNS-22Z"
14534,"9CX3-VJZ"
14535,"KN3Q-G5J"
14536,"LD49-VTT"
14537,"KC7C-3HN"
14538,"LRZ5-LN6"
14539,"LWYB-M5H"
14540,"93SD-F8P"
14541,"LRMS-PZ3"
14542,"LVN4-S6S"
14543,"LHTQ-G4F"
14560,"L6DG-BL3"
14561,"24RL-5Q2"
14562,"M438-Y8R"
14563,"L1DQ-TYL"
14564,"9VTN-V4T"
14565,"LZL1-1ZS"
14568,"LCRB-FGK"
14569,"LHL4-SFG"
14570,"LKQ1-X53"
14571,"LRCF-VBT"
14572,"GF5V-1Q1"
14573,"LKQ1-F9K"
14574,"MJSX-ZL7"
14576,"LTDV-FKV"
14577,"LBRW-D3J"
14578,"LHZQ-T3D"
14579,"LHZQ-YC8"
14580,"MT7X-HBB"
14581,"LZK7-XS7"
14582,"LTDV-FKV"
14583,"LBRW-D3J"
14584,"LCRK-T8Z"
14585,"9W1R-6Z3"
14586,"LRW4-2VV"
14587,"LCQC-SJL"
14588,"LRL3-CQH"
14589,"GD61-GTX"
14590,"GLQ9-W43"
14591,"GLQM-11J"
14912,"G22C-LGM"
14918,"GZYN-WZG"
14919,"K8VF-RY4"
14920,"L8QB-1ZB"
14921,"LBYM-QQ3"
14922,"GLD3-QL7"
14923,"G2YX-CB2"
14928,"G2XZ-WCP"
14929,"M9F4-LX6"
14936,"LQLC-HMZ"
14937,"LZCT-R9Z"
14938,"LLWC-BK7"
14939,"L51Z-JMV"
14940,"K4YB-SYT"
14941,"LR31-TTD"
14942,"GGLX-2FM"
14944,"G33M-6GH"
14945,"GW95-3D9"
14946,"LZN8-N72"
14947,"94QW-5B5"
14948,"9J7N-FKD"
14949,"9J7N-FK6"
14950,"GF4G-1BN"
14951,"LZ37-M15"
14952,"M88W-9JL"
14953,"4FJK-1TM"
14954,"GCQ8-BYZ"
14956,"LZLW-W6K"
14957,"KN76-5R4"
14958,"9VPW-JH5"
14959,"KNVR-S1Y"
14968,"LH6L-TS6"
14969,"LH6L-TSF"
14974,"LZPW-57V"
14975,"M6FB-HX4"
14976,"LCR3-9Y4"
14977,"GXT3-6Q8"
14978,"GZW3-BVC"
14979,"LDSY-V6T"
14984,"GS9B-Q2G"
14985,"LZ1R-6YZ"
14986,"9ZHY-H1V"
14987,"KCV3-R4Z"
14988,"LT2T-C3F"
14989,"LV4G-1FH"
14990,"GVMH-2NV"
14991,"M5P6-9L9"
14992,"LZTM-VX5"
14993,"93VV-JRR"
14994,"KCVW-7SJ"
14995,"LBG3-NPB"
14996,"LHWC-8MF"
14997,"LDYJ-S3M"
14998,"GDMN-3FM"
14999,"9WYB-C2B"
15000,"MDK1-PLV"
15001,"MDK1-PGS"
15002,"GN4V-Z94"
15003,"GN4J-F8K"
15004,"LY1D-VRZ"
15005,"MMNS-22Z"
15006,"LRHC-BCC"
15007,"MF1P-6M8"
15020,"GGQM-THC"
15021,"GLLF-4CD"
15022,"GX32-H5L"
15023,"GX32-Q8Y"
15024,"GGCQ-471"
15025,"L8SK-YBX"
15026,"9M6P-M83"
15027,"GSTN-2XH"
15032,"L18W-YV2"
15033,"MBD2-N12"
15034,"LZJT-7GL"
15035,"LZN8-96C"
15036,"L87B-NY6"
15037,"GF1T-CHG"
15038,"KZGS-GZW"
15039,"KZ3D-V4B"
15040,"L89L-8SV"
15041,"G4QZ-BFT"
15042,"LQRQ-DW8"
15043,"LH5H-RBV"
15044,"LTQL-SY2"
15045,"LT65-PG5"
15048,"9XMJ-4GS"
15049,"K8SV-613"
15052,"MH1H-V74"
15053,"K24K-RM7"
15062,"MK48-9LJ"
15063,"L58S-NJD"
15064,"KLDZ-C3Z"
15065,"G3TJ-SD8"
15068,"LVSG-CXM"
15069,"GK4Q-KBJ"
15070,"GN4Y-VYS"
15071,"GN4Y-5T3"
15084,"GGQM-THC"
15085,"GLLF-4CD"
15086,"GX32-H5L"
15087,"GX32-Q8Y"
15088,"GGCQ-471"
15089,"L8SK-YBX"
15090,"9M6P-M83"
15091,"GSTN-2XH"
15096,"L18W-YV2"
15097,"MBD2-N12"
15098,"LZJT-7GL"
15099,"LZN8-96C"
15100,"L87B-NY6"
15101,"GF1T-CHG"
15102,"KZGS-GZW"
15103,"KZ3D-V4B"
15108,"9KD4-7D7"
15109,"G91F-CKG"
15110,"L25J-KCD"
15111,"GXQ5-B1R"
15112,"L8BB-W2V"
15113,"L8BB-W5S"
15114,"G3P7-MV2"
15115,"G3PH-393"
15116,"M65P-9CR"
15117,"G85N-MNM"
15118,"GVH6-4JZ"
15119,"L11L-9G5"
15120,"L8BB-W2V"
15121,"L8BB-W5S"
15122,"G3P7-MV2"
15123,"G3PH-393"
15124,"M65P-9CR"
15125,"G85N-MNM"
15126,"GVH6-4JZ"
15127,"L11L-9G5"
15232,"GKYC-RSP"
15233,"GXYL-6N2"
15234,"LZWW-813"
15235,"LV1P-3FW"
15238,"L854-VZG"
15239,"4RF6-4KK"
15240,"LZYD-SNP"
15241,"LHN2-VR9"
15242,"LHF6-MZN"
15243,"LHF6-MTJ"
15260,"MSXT-9J7"
15261,"W19W-DQV"
15264,"G7JD-G6K"
15265,"LRKN-QNN"
15266,"GV2N-F1J"
15267,"GX4Q-HB8"
15272,"GLTK-BKQ"
15273,"GJTC-D3K"
15274,"KCVW-7SJ"
15275,"LBG3-NPB"
15280,"G4SH-HHD"
15281,"MQLF-ND6"
15282,"LTRP-6M3"
15283,"LTRP-W97"
15288,"L4SY-GWB"
15289,"412Y-12S"
15290,"KNWZ-35T"
15291,"KN7C-PJM"
15292,"K295-7G8"
15293,"LDCM-XXM"
15360,"9WYP-N35"
15361,"HCN2-8PX"
15362,"L6MN-WJ8"
15363,"4J1H-TQB"
15364,"K41X-S48"
15365,"9WY1-38D"
15366,"247P-BCB"
15367,"247P-BN4"
15392,"KV2C-4DK"
15393,"LVDK-94R"
15394,"LKVP-D8C"
15395,"9Q7G-GJL"
15408,"9WYP-N35"
15409,"HCN2-8PX"
15410,"L6MN-WJ8"
15411,"4J1H-TQB"
15412,"K41X-S48"
15413,"9WY1-38D"
15414,"247P-BCB"
15415,"247P-BN4"
15432,"L7XR-MSB"
15433,"LRRV-X3X"
15434,"93LW-FNH"
15435,"G4N8-JPX"
15436,"LT4G-TFZ"
15437,"LZJ5-7J8"
15438,"LRHT-354"
15439,"LYRH-FNW"
15440,"LHSP-VG7"
15441,"LZ8G-13L"
15442,"LC6B-J5X"
15443,"LVYV-8GN"
15444,"LZ6D-7GB"
15445,"LZVR-KB9"
15446,"LZSQ-M3C"
15447,"LWLS-5T6"
15448,"9MG1-Y5Q"
15449,"GLYX-5DP"
15450,"LWTG-XKL"
15451,"LWGF-PDH"
15452,"9481-6GV"
15453,"LBD4-YM9"
15454,"K28D-ZLX"
15455,"LX9X-BZC"
15460,"GHN9-H5S"
15461,"GHN9-L7J"
15462,"GMR1-9SS"
15463,"G3PG-MQ3"
16264,"LV3S-12M"
16265,"LHTP-J6D"
16266,"L4JJ-1RW"
16267,"L51G-S32"
16268,"KF5L-FM5"
16269,"GD7V-L9L"
16272,"LZP2-WVT"
16273,"G9XC-YH1"
16274,"LZ15-NBC"
16275,"LD32-187"
16276,"MPKB-GGY"
16277,"MPKB-G57"
16278,"KN3Y-1M8"
16279,"L16V-5GJ"
16296,"LHZB-265"
16297,"LCJ2-HW4"
16298,"2Q1M-QDK"
16299,"K4BX-CDR"
16302,"MHXG-4XS"
16303,"9JFG-NQ2"
16306,"KFRB-39Y"
16307,"LH5H-V8S"
18560,"LKQ6-SMN"
18561,"LHVD-QJT"
18563,"G8R9-FN4"
18584,"K8Q2-CVP"
18585,"KCDQ-K7H"
18616,"K8Q2-CVP"
18617,"KCDQ-K7H"
18712,"2JYX-6JY"
18713,"LVFL-TZY"
18714,"GQHG-TM3"
18715,"LL3S-51V"
18752,"MGYZ-XJ3"
18753,"K6MN-CRT"
19200,"LVDW-ZCQ"
19201,"G9SV-G8L"
19202,"LVFP-KT5"
19203,"GFDQ-7PK"
19208,"LYJ1-6Q8"
19209,"LYJ1-F4T"
19216,"LWV5-XFF"
19217,"L41N-1D1"
19218,"ML1F-B8K"
19219,"ML1F-B8B"
19220,"GXXL-THL"
19221,"GKKD-KN7"
19222,"LJ24-FHS"
19223,"LWJR-W1X"
19461,"GFKW-QKJ"
19984,"LTXM-K18"
19985,"LTXM-P3Y"
20096,"LRLJ-YRX"
20097,"LRLV-MRV"
20098,"GJWP-SWS"
20099,"LR1W-M3L"
20100,"GF1Z-M3S"
20101,"GF1W-3CM"
20102,"GLST-3RV"
20103,"L6D1-2GY"
20108,"LY95-9BX"
20109,"9S1F-36C"
20110,"LWVS-B6G"
20111,"G6W3-SMC"
20114,"LVX7-251"
20115,"LVX7-2XG"
20116,"LVX7-251"
20117,"LVX7-2XG"
20118,"L5YF-J5L"
20119,"9J1J-4Z4"
20120,"L5YF-J5L"
20121,"9J1J-4Z4"
20122,"KH7R-QP3"
20123,"LKS4-RXM"
20128,"G7CR-V2P"
20129,"G7CR-KWS"
20136,"K4VP-YXK"
20137,"KCKG-XC7"
20152,"LZPS-WD4"
20153,"L9PQ-3Q1"
20176,"GJG3-5WL"
20177,"L8W9-497"
20178,"GQKN-56X"
20179,"GQKN-7CJ"
20180,"L2FL-LMB"
20181,"GFQV-P4N"
20182,"LYNQ-Z43"
20183,"LLW2-ZYG"
20184,"LBZC-5ZG"
20185,"KNDX-J8T"
20188,"LVF8-JZ3"
20189,"L2Q8-TB4"
20190,"L714-BT5"
20191,"L714-1HC"
20208,"KC3P-Q3P"
20209,"GNZ6-K5P"
20210,"GCLQ-PZZ"
20211,"GCLQ-KPH"
20214,"G8TB-SR2"
20215,"LTHS-QXC"
20220,"L1J4-NKR"
20221,"L1JH-S4D"
20576,"K2Y6-N7H"
20577,"LHF4-VVZ"
20584,"LZGH-VRS"
20585,"LT18-JRB"
20586,"LTTK-FL6"
20587,"9CN6-LLF"
20588,"GV4M-S51"
20592,"LVFB-JZ6"
20593,"MDK6-F5M"
20596,"943R-GHD"
20597,"943R-GMS"
20598,"GZGD-YXK"
20599,"GCM9-6FM"
20600,"G2P8-F79"
20601,"G9FS-56F"
20602,"G2GG-82W"
20603,"G2GG-H8X"
20800,"KZKL-XPW"
20801,"GK4L-KBC"
20802,"LHP9-5BH"
20803,"KGJK-XW4"
20804,"G24Y-ZS1"
20805,"G24Y-QNY"
20806,"LHCZ-91G"
20807,"LRK1-S6S"
20832,"MVR1-H9R"
20833,"MVR1-HS4"
20834,"K8NQ-3JT"
20835,"KZWY-Q9T"
20960,"G4XN-HWP"
20961,"G4XN-2GC"
20962,"GS29-D2R"
20963,"K8X3-LLT"
20976,"MPYC-V2Z"
20977,"MPYC-V2R"
20978,"MXHL-3ZM"
20979,"G64V-VDD"
21008,"L8J9-5KQ"
21009,"LH8K-DDW"
21010,"LYXT-GQN"
21011,"LYXY-S9W"
21016,"MZZ4-FP7"
21017,"4428-BP7"
21018,"278K-2RN"
21020,"LDF9-7PK"
21021,"LDF9-75S"
21024,"G6TQ-4B9"
21025,"G6TQ-D4G"
21026,"G2FM-78Q"
21027,"GHTW-HTL"
21028,"G4QM-9H4"
21029,"GKT4-7BM"
21032,"LB4P-YWP"
21033,"LZF2-PXT"
21034,"GGKY-VKJ"
21035,"GGKY-GT8"
21036,"MP5H-4RH"
21037,"MM1R-H2N"
21038,"GJ9X-YKJ"
21039,"9SZ6-6V7"
21536,"GDPP-GHQ"
21537,"2C1M-KZX"
21538,"M9YG-9N8"
21539,"M9YG-9NP"
21552,"L17Z-ZBC"
21553,"LZ65-Y89"
21554,"MMVC-161"
21555,"LDRZ-D27"
21556,"MBKX-2R9"
21557,"GD5K-GYH"
21558,"G6FT-32Q"
21559,"LV5Q-KCB"
21560,"LC3H-1RQ"
21561,"GWZM-Z85"
21562,"GH4Q-S9S"
21563,"LR9J-47R"
21568,"GDPP-GHQ"
21569,"2C1M-KZX"
21570,"M9YG-9N8"
21571,"M9YG-9NP"
21584,"L17Z-ZBC"
21585,"LZ65-Y89"
21586,"MMVC-161"
21587,"LDRZ-D27"
21588,"MBKX-2R9"
21589,"GD5K-GYH"
21590,"G6FT-32Q"
21591,"LV5Q-KCB"
21592,"LC3H-1RQ"
21593,"GWZM-Z85"
21594,"GH4Q-S9S"
21595,"LR9J-47R"
21640,"K2XM-XR7"
21641,"K2XM-X1S"
21644,"LYJJ-PFH"
21645,"LYJJ-JKK"
21648,"G3VZ-7JT"
21649,"MMK1-9HX"
21650,"G3VZ-82X"
21651,"G3VC-VY6"
21656,"2RYL-RR4"
21657,"MZ2G-24B"
21662,"G7FC-ZH1"
21663,"G7FC-99L"
21696,"GZ2R-1C3"
21697,"L833-9NL"
21698,"L89M-75T"
21699,"LYVH-Y4Z"
21700,"9M1N-FDK"
21701,"LZJR-D6T"
21702,"L6Z6-7GL"
21703,"L8SH-G62"
21708,"GKPQ-GHH"
21709,"LH2H-QJF"
21710,"LH19-N7K"
21711,"MML5-QSG"
21728,"KLGM-P16"
21729,"29MQ-QT6"
21730,"LJJR-BPX"
21731,"G3BP-PYK"
21744,"GGJ5-ZK4"
21745,"GGJ5-H14"
21746,"GG2T-11S"
21747,"GG2Y-ZP2"
21748,"LZV6-54G"
21749,"LCT8-V8W"
21750,"GL87-QFM"
21751,"LZD2-6HB"
21920,"L6Y7-BD1"
21921,"G38J-6Z8"
21922,"KJ45-6BT"
21923,"L7MT-VCR"
21924,"GSQH-53F"
21925,"GSQH-5VK"
21926,"L1W6-5WG"
21927,"L1W6-T1T"
21930,"GNXQ-CC8"
21934,"MVJ6-5MT"
21935,"K8JS-K9Z"
21979,"L4M5-J5F"
22048,"LT84-TCC"
22049,"LT84-16L"
22064,"L5XG-K5M"
22065,"LTZS-BZ3"
22066,"KFPL-7HH"
22067,"LCWJ-V79"
22068,"KC8Q-5TN"
22072,"GQB6-B78"
22073,"LRDR-V48"
22076,"L5NJ-CQW"
22077,"GX89-MGX"
22078,"MCM3-5D7"
22079,"L1X3-K29"
22080,"L8S2-53Z"
22081,"L8S2-5WW"
22082,"GNBY-GYZ"
22083,"GVFC-75N"
22084,"G967-YYG"
22085,"MG4S-JJL"
22086,"M9WH-92V"
22087,"9X5V-C7W"
22088,"9K4R-MCY"
22089,"9W3C-FL7"
22096,"GZZB-GBS"
22097,"K81D-7P7"
22098,"GVM7-7NX"
22099,"LTWH-WLQ"
22100,"MP4H-8K6"
22101,"MP4H-8KT"
22102,"MQGD-R64"
22103,"GKYJ-19C"
22104,"L85L-5VD"
22105,"L7B2-884"
22106,"G3L7-STC"
22107,"G3L7-9PF"
22108,"GL1W-FWL"
22109,"GL25-SS2"
22110,"LRM5-RQJ"
22111,"LHSH-TV5"
22112,"9X9X-NRK"
22113,"9X9X-NT3"
22114,"MFGM-PCY"
22176,"GDPP-GHQ"
22177,"2C1M-KZX"
22178,"M9YG-9N8"
22179,"M9YG-9NP"
22192,"L17Z-ZBC"
22193,"LZ65-Y89"
22194,"MMVC-161"
22195,"LDRZ-D27"
22196,"MBKX-2R9"
22197,"GD5K-GYH"
22198,"G6FT-32Q"
22199,"LV5Q-KCB"
22200,"LC3H-1RQ"
22201,"GWZM-Z85"
22202,"GH4Q-S9S"
22203,"LR9J-47R"
22208,"GDPP-GHQ"
22209,"2C1M-KZX"
22210,"M9YG-9N8"
22211,"M9YG-9NP"
22224,"L17Z-ZBC"
22225,"LZ65-Y89"
22226,"MMVC-161"
22227,"LDRZ-D27"
22228,"MBKX-2R9"
22229,"GD5K-GYH"
22230,"G6FT-32Q"
22231,"LV5Q-KCB"
22232,"LC3H-1RQ"
22233,"GWZM-Z85"
22234,"GH4Q-S9S"
22235,"LR9J-47R"
22528,"MPZV-98T"
22529,"GST1-MZS"
22530,"G27R-4HG"
22531,"G275-198"
22532,"LCZN-MHG"
22533,"GSSD-MVG"
22534,"LKS8-FHW"
22535,"L2SH-77H"
22536,"L852-RQH"
22537,"L6C1-BM6"
22538,"LB8C-9JB"
22539,"GZGZ-JFW"
22540,"LZLQ-BCS"
22541,"MTNX-2DB"
22542,"MWT1-QW4"
22543,"9VLB-NF3"
22550,"LH6R-DTV"
22551,"L2B6-2W3"
22556,"G9BP-M9G"
22557,"MB35-49B"
22558,"LZFP-R67"
22559,"MN6T-GJ2"
22560,"MN3M-99Q"
22561,"G3ZG-PK3"
22564,"GLSJ-M2T"
22565,"4ZJZ-QJH"
22566,"GD41-YN2"
22567,"LTR8-B82"
22568,"GWP6-J1F"
22569,"L2J5-6CG"
22570,"LC5G-MT1"
22571,"LC5G-999"
22572,"L1JK-8GY"
22573,"GLJD-5VB"
22574,"KHW1-HXK"
22575,"KC29-BP2"
22576,"LTFS-4PV"
22577,"LTXN-NXS"
22578,"GKZH-DRC"
22579,"GGM4-3MB"
22580,"LY9K-M99"
22581,"M1GY-PHB"
22582,"2KR4-9Z7"
22583,"27VJ-LSP"
22584,"LKKH-3VH"
22585,"L5YZ-ZL6"
22586,"G3WF-S2G"
22587,"GG5F-44Y"
22588,"LDRX-F7F"
22589,"LDRX-FPR"
22590,"LVHG-S4X"
22591,"LZBB-KN4"
22592,"GZGF-7TT"
22593,"GZGF-DZZ"
22594,"GLSN-Y8F"
22595,"GLSN-DJJ"
22596,"LZ82-ZKY"
22597,"GLJ3-16W"
22598,"LCZ1-TGP"
22599,"G2WB-KN5"
22600,"LB2N-TRL"
22601,"GGMH-MMR"
22602,"LK5W-8N2"
22603,"LHKC-8Z8"
22604,"LTH8-G8H"
22605,"G8CT-4PJ"
22606,"LZTK-R1F"
22607,"LDRX-4RH"
22608,"GN8R-NL4"
22609,"GN8R-D6D"
22610,"GN8R-SFC"
22612,"9H4G-29V"
22613,"9MQV-1Q1"
22614,"LVGR-8NV"
22615,"G8H1-B1R"
22620,"L52Z-CKW"
22621,"LH86-8N7"
22622,"L134-GX8"
22623,"LV6V-5W8"
22624,"LQRB-NLM"
22625,"277Q-6XN"
22626,"2MGP-YCH"
22627,"L2XM-6M8"
22628,"KHTM-9K9"
22629,"M2CX-GXV"
22630,"LKQR-5GG"
22631,"LKQR-5YV"
22720,"LTSN-XPD"
22721,"G2PN-YTL"
22722,"L6CZ-DBW"
22723,"L6CZ-D57"
22724,"KHPF-NN8"
22725,"LH6L-37V"
22726,"K4T7-36N"
22727,"M6NG-DQF"
24576,"KDSD-S5M"
24577,"GSMH-DL8"
24578,"LZ8H-9R1"
24579,"LHLB-4Q6"
24580,"LZL5-RYK"
24582,"GDJM-HH3"
24583,"GDJM-4LS"
24588,"LZLW-GNT"
24589,"L1WR-XW5"
24704,"KHLW-YBP"
24705,"G6DC-11N"
24708,"GKJV-FMW"
24720,"LHLK-BX8"
24721,"LHLK-BZN"
24722,"LRLS-8LG"
24723,"MK3B-XSG"
24732,"MCFK-T9N"
24733,"GJFR-M2Q"
24734,"LC7W-ZPR"
24735,"LH2Q-1MY"
24736,"LZXP-2WK"
24737,"LTK8-V33"
24738,"G9SK-WZ8"
24739,"G9SV-PY4"
24740,"M3T9-LVN"
24741,"G2KJ-8PF"
24748,"LZ6D-WD8"
24749,"9S2W-LND"
24750,"G6F7-XRG"
24751,"M3PQ-27S"
24752,"L8B7-6B2"
24753,"LRFR-2GS"
24754,"LZ5J-XTK"
24755,"LZ5J-FH9"
24756,"LZ5J-FM3"
24757,"L65Y-CLL"
24758,"LZ6M-ZWR"
24759,"G6RD-TVS"
24760,"GZYQ-NQG"
24761,"G6VW-957"
24762,"LTXN-FBZ"
24763,"LDV4-NYB"
24764,"LRHP-ZFL"
24765,"KCYJ-XRR"
24766,"LYTN-GDT"
24767,"LB2S-687"
25088,"GCHG-Z4B"
25089,"MN3J-P5N"
25090,"L2Y4-4Y9"
25091,"G27P-95J"
25092,"GSDY-NBR"
25093,"GDM7-R6G"
25094,"GJGH-1YT"
25095,"GJGC-5FC"
25100,"KN64-L5T"
25101,"LBT8-FJB"
25104,"LCJ2-X3M"
25105,"LCJ2-FNT"
25106,"LYZC-77Y"
25107,"GXMM-MMV"
25108,"GL8T-5C1"
25109,"LZZ4-6XM"
25110,"LHKL-16G"
25111,"LCJR-ZRQ"
25120,"LWX6-24P"
25121,"LVLP-THH"
25122,"GGKX-9XN"
25124,"LT26-S8F"
25125,"L5B2-TCK"
25128,"GVY6-5LY"
25129,"GXWN-PD8"
25132,"LC8K-8VD"
25133,"L4SJ-GD6"
25136,"LCJ2-X3M"
25137,"LCJ2-FNT"
25138,"LYZC-77Y"
25139,"GXMM-MMV"
25148,"K8GB-8HS"
25149,"4ZH3-KW1"
25150,"G2C3-46R"
25151,"L177-G4L"
25168,"GXSJ-KS2"
25169,"GSBR-D6N"
25176,"GLT8-SQN"
25177,"GLT6-H68"
25178,"9K64-94P"
25179,"MBZB-QVL"
25182,"LYNH-FQG"
25183,"LBCN-FGS"
25184,"G77Z-Z46"
25185,"LV63-8N9"
25186,"L2MB-YK5"
25187,"LDLM-W5R"
25188,"M12J-X2M"
25189,"L5J5-17Z"
25190,"LVG8-SR7"
25191,"GKGW-JM5"
25192,"L6DG-BL3"
25193,"24RL-5Q2"
25194,"M438-Y8R"
25195,"L1DQ-TYL"
25196,"9VTN-V4T"
25197,"LZL1-1ZS"
25200,"GKS7-5QC"
25206,"KXVT-1XG"
25207,"GK1B-GZH"
25208,"G2MF-S6L"
25209,"G2MF-CDT"
25210,"9JYW-WHS"
25211,"GKGK-ZXM"
25212,"LTKT-52J"
25213,"LTKT-P9B"
25216,"KT7X-PKP"
25217,"LBVY-244"
25218,"MMYZ-HT2"
25219,"WT1D-XTH"
25222,"9FKN-5H5"
25228,"LZ2D-JXC"
25229,"M5WW-CCW"
25230,"9C87-HZ1"
25231,"LTBF-YTW"
25232,"M265-5Y4"
25233,"9JH9-XP4"
25234,"LCVM-6DY"
25235,"GHD6-2KX"
25236,"GFYP-SR1"
25237,"K235-NFJ"
25238,"94WS-HLC"
25239,"LHPP-S8M"
25240,"LZJ9-HXT"
25241,"G2J4-3FV"
25242,"9ZZ1-54D"
25243,"LZ29-B88"
25244,"L4WK-4FQ"
25245,"LH5P-Q1F"
25248,"LZZJ-8GV"
25249,"LZZJ-8FK"
25250,"GGC8-QSR"
25251,"GGCZ-YN5"
25256,"LB4B-LZK"
25257,"LR13-QDG"
25258,"KZP5-PWC"
25259,"LWVP-9GP"
25268,"L1SV-ZNB"
25269,"L1SJ-TSZ"
25270,"MKRB-V2D"
25271,"LJ18-FZT"
25276,"MS6F-3XC"
25277,"KD9D-JB3"
25278,"LTDB-LWL"
25279,"GKRM-MCJ"
25660,"94YW-PDV"
25661,"GLJY-PMP"
25662,"94Y4-K6S"
25663,"LH7Y-5BR"
26624,"GKLF-SPN"
26625,"GKLT-GZS"
26626,"LHCZ-91G"
26627,"LRK1-S6S"
26640,"G6SQ-KDF"
26641,"LYQ2-HXN"
26642,"LH3G-JZ7"
26643,"K6Q8-FFL"
26644,"GKK6-M5P"
26645,"LDR5-RMM"
26646,"LCY7-34L"
26647,"MDHD-RFY"
26648,"GFSV-H54"
26649,"GFSV-2CR"
26650,"GDN9-T8N"
26651,"GDNS-M71"
26652,"MJF3-R1M"
26653,"GLJ3-SJR"
26688,"KZSW-VN3"
26689,"K8LV-7DG"
26690,"GS4M-ZT8"
26691,"GS4M-CWD"
26696,"K829-LSN"
26697,"GDFX-HHX"
26700,"M39Q-19H"
26701,"LZBN-37S"
26702,"LHN2-SY5"
26703,"LRZ4-RCH"
26704,"LZV8-SDF"
26705,"L847-KY2"
26706,"MTX1-RRL"
26707,"MW5T-461"
26712,"MFTN-JND"
26713,"L61T-V7C"
26714,"G3KD-1C9"
26715,"G3KD-RXH"
26752,"LCTW-7N3"
26753,"LCXB-XPN"
26764,"LBRW-YWD"
26765,"G9DN-Y55"
26766,"GSPZ-ZV4"
26767,"G6Q8-NWJ"
26768,"LZ2L-QCP"
26769,"G9LJ-XKD"
26770,"G4DR-533"
26771,"G4DR-T4R"
26776,"G8KJ-446"
26777,"M9M9-PRV"
26800,"LYSJ-CJZ"
26801,"KH68-B7H"
26802,"LBY6-CC3"
26803,"G7KZ-1NY"
26808,"LZTB-ZLY"
26809,"LH6B-VZN"
26810,"9KX2-D4R"
26811,"GDQJ-CWZ"
26812,"LDRZ-B27"
26813,"LXSK-2PD"
26814,"G2SF-HXB"
26815,"G2SF-M7X"
26816,"GNB7-GBK"
26817,"GNBW-MJH"
26818,"LXSS-CPH"
26819,"LRJS-Y5G"
26820,"LZVT-QG3"
26821,"LH1G-BRF"
26822,"KHHD-NGF"
26823,"MVJP-2MF"
26832,"MW21-BP8"
26833,"GZLH-FXL"
26834,"G92V-7FF"
26835,"GSRR-VD7"
26838,"MQDS-WKF"
26839,"49XG-QD4"
26840,"K4R7-8BC"
26841,"GX8D-67S"
26842,"L823-F32"
26843,"L823-FMP"
26844,"M11G-B89"
26845,"9336-4BD"
26846,"L71L-S22"
26847,"L6LP-Q85"
26848,"LZV2-CSJ"
26849,"9HSS-349"
26852,"9HR4-5SQ"
26853,"GVR9-XM5"
26860,"LCJY-RFS"
26861,"G3LH-99H"
26862,"GD81-NS1"
26863,"GD81-LXY"
26864,"LZGX-QSS"
26865,"LZGL-8S9"
26866,"L56L-T6G"
26867,"MSXY-RLJ"
26868,"9449-3PW"
26869,"MM4L-NCY"
26872,"LZLP-GW7"
26873,"L83Z-8CD"
26880,"LCTW-7N3"
26881,"LCXB-XPN"
26892,"LBRW-YWD"
26893,"G9DN-Y55"
26894,"GSPZ-ZV4"
26895,"G6Q8-NWJ"
26896,"LZ2L-QCP"
26897,"G9LJ-XKD"
26898,"G4DR-533"
26899,"G4DR-T4R"
26904,"G8KJ-446"
26905,"M9M9-PRV"
26928,"LYSJ-CJZ"
26929,"KH68-B7H"
26930,"LBY6-CC3"
26931,"G7KZ-1NY"
26936,"LZTB-ZLY"
26937,"LH6B-VZN"
26938,"9KX2-D4R"
26939,"GDQJ-CWZ"
26940,"LDRZ-B27"
26941,"LXSK-2PD"
26942,"G2SF-HXB"
26943,"G2SF-M7X"
26944,"GNB7-GBK"
26945,"GNBW-MJH"
26946,"LXSS-CPH"
26947,"LRJS-Y5G"
26948,"LZVT-QG3"
26949,"LH1G-BRF"
26950,"KHHD-NGF"
26951,"MVJP-2MF"
26960,"MW21-BP8"
26961,"GZLH-FXL"
26962,"G92V-7FF"
26963,"GSRR-VD7"
26966,"MQDS-WKF"
26967,"49XG-QD4"
26968,"K4R7-8BC"
26969,"GX8D-67S"
26970,"L823-F32"
26971,"L823-FMP"
26972,"M11G-B89"
26973,"9336-4BD"
26974,"L71L-S22"
26975,"L6LP-Q85"
26976,"LZV2-CSJ"
26977,"9HSS-349"
26980,"9HR4-5SQ"
26981,"GVR9-XM5"
26988,"LCJY-RFS"
26989,"G3LH-99H"
26990,"GD81-NS1"
26991,"GD81-LXY"
26992,"LZGX-QSS"
26993,"LZGL-8S9"
26994,"L56L-T6G"
26995,"MSXY-RLJ"
26996,"9449-3PW"
26997,"MM4L-NCY"
27000,"LZLP-GW7"
27001,"L83Z-8CD"
27024,"G3MN-H56"
27025,"GKXK-1L4"
27040,"LVD6-W6G"
27041,"LBHX-V9N"
27042,"G61Z-W82"
27043,"GFTY-K3J"
27044,"GLPF-V4S"
27048,"MW4W-NTL"
27049,"LH1T-K3Y"
27050,"9QND-1VJ"
27051,"LT4C-N8Z"
27052,"9SB8-K9T"
27053,"KFKJ-LRK"
27066,"GHZC-7Z6"
27068,"94YN-5LG"
27069,"MNWM-2KT"
27070,"L8HV-GXS"
27071,"KD9T-8NS"
27136,"LW19-443"
27137,"LHJY-LNN"
27138,"K4R3-2TV"
27139,"GMYT-CCW"
27140,"LC89-MTN"
27141,"LC89-QJ5"
27142,"LHWJ-S82"
27143,"G4BQ-YRW"
27144,"G93H-PC2"
27145,"G4ZM-CH8"
27146,"LKNH-8XM"
27147,"2MRV-CD1"
27156,"LZ2D-JXC"
27157,"M5WW-CCW"
27158,"9C87-HZ1"
27159,"LTBF-YTW"
27160,"KF5J-6H8"
27161,"LCX4-Y55"
27162,"MQDN-WV7"
27163,"KP91-722"
27164,"G82P-S5B"
27165,"KNQF-8F6"
27166,"LCFK-X4R"
27167,"LCFK-CMR"
27168,"LW65-NJQ"
27169,"LYM4-W5Q"
27172,"G2KS-ZJN"
27173,"G2KS-HDZ"
27174,"LQRQ-VS2"
27175,"KCF6-RWH"
27184,"LDTQ-NVL"
27185,"L4W1-2BX"
27186,"LVG8-7RR"
27187,"LVYF-8JJ"
27188,"K4RR-GFC"
27189,"LJ18-RRZ"
27192,"LZKY-JMS"
27194,"LRT1-1V1"
27195,"MMZ9-VLT"
27200,"MGWC-HK5"
27201,"LVBJ-CDH"
27202,"LZ9S-3KP"
27203,"LZFT-D24"
27204,"LZLK-RFY"
27205,"G21L-PJG"
27206,"L6WR-V29"
27207,"LRWG-3ZW"
27210,"LCFK-X4R"
27211,"LCFK-CMR"
27212,"LYSM-2T3"
27213,"27BK-MZJ"
27214,"LCY7-Y2Z"
27215,"KNQF-8V1"
27216,"LTXR-N8R"
27217,"LZLZ-MH7"
27218,"GQH2-DHB"
27219,"G2HN-SV8"
27220,"KJP8-LR3"
27221,"L152-KK3"
27222,"KF29-XM2"
27223,"9M25-GJX"
27224,"LTXR-N8R"
27225,"LZLZ-MH7"
27232,"M8YJ-RXN"
27233,"LBCG-RYC"
27234,"L6ZX-PJH"
27235,"L6ZX-5BM"
27236,"K8RG-7JH"
27237,"KCNP-RCW"
27238,"LH8N-LGM"
27239,"LRBT-PKL"
27248,"9449-3PW"
27249,"MM4L-NCY"
27252,"L7BB-KTV"
27253,"L6KH-PP9"
27254,"LZP3-JS1"
27255,"LYPH-FMW"
27256,"94YS-MVD"
27257,"LD55-ZCX"
27258,"GH69-D2Q"
27259,"L1W9-B6W"
27260,"L1CQ-TWV"
27261,"LBW7-7PM"
27262,"LYJ3-4B6"
27263,"4LLM-H6Z"
27268,"94RB-PL1"
27269,"L4BD-9RJ"
27270,"LZJ1-DDR"
27271,"GDSH-VJ9"
27272,"94RB-PL1"
27273,"L4BD-9RJ"
27280,"LHG9-NRH"
27281,"9F94-ZLW"
27284,"MNM3-CJP"
27285,"G2R6-QL8"
27292,"L9C6-MZJ"
27293,"284H-2MM"
27296,"L1QN-SZ1"
27298,"LLHQ-XDX"
27299,"LLHQ-XXW"
27300,"LRMM-22W"
27301,"LJY7-MHW"
27302,"GNWQ-BFR"
27303,"GNQX-R5V"
27304,"94RB-17S"
27305,"M4MX-3Q3"
27306,"LZV6-VDJ"
27307,"9DTT-B4C"
27310,"K64K-BFK"
27311,"L5TC-RDY"
27312,"K88F-CYB"
27313,"LZY6-ZGQ"
27316,"M11G-B89"
27317,"9336-4BD"
27318,"L71L-S22"
27319,"L6LP-Q85"
27320,"LZBN-3WJ"
27321,"GG2T-9TG"
27322,"LZG4-XDY"
27323,"LZLZ-JRZ"
27326,"9JQV-WZ1"
27327,"LCRX-X92"
27340,"LYM1-1X1"
27341,"LRJ3-HKP"
27342,"LYL2-SG9"
27343,"KN8H-Q2W"
27344,"L4H9-TZX"
27345,"LHVK-6N3"
27346,"LVTD-FBF"
27347,"L119-1PZ"
27348,"2WV5-BTX"
27349,"9NS2-6NV"
27352,"GDWD-TC7"
27353,"LJ5N-MGT"
27354,"G9VY-RW2"
27355,"G338-1GC"
27356,"9JDD-2N2"
27357,"GFXR-QQR"
27358,"GK89-92W"
27359,"GK89-3ZH"
27360,"LVFV-82J"
27361,"LZVQ-SDQ"
27362,"MMCY-L5P"
27363,"4NPG-T72"
27364,"LYC2-BVM"
27365,"LR5J-931"
27366,"LZ2F-MM7"
27367,"LHVB-P72"
27368,"LBTW-K49"
27369,"LY6V-W61"
27370,"LBT4-8TB"
27371,"LBT4-M4Y"
27908,"273C-Q28"
27909,"KGS4-XPJ"
27910,"K679-RZP"
27911,"KGSH-GYV"
27912,"KJ5Q-ZF5"
27913,"KJ5Q-ZFT"
27924,"L5TJ-QPF"
27925,"LRBK-187"
27932,"KL89-JN8"
27933,"KL89-JJ3"
27934,"GNVW-8CS"
27935,"GNVW-P1L"
27968,"L84C-VXB"
27969,"L84C-KQ6"
27972,"KZBM-MV4"
27973,"MQ65-FVP"
27974,"G8T2-HZ6"
27975,"G8T2-4HH"
27978,"KZ5Z-JF1"
27979,"M3VH-SVT"
27984,"GFW3-TY2"
27985,"GFW3-1V1"
27986,"LRBF-85Y"
27987,"LRBF-FK2"
27988,"GNQ2-XVB"
27989,"G47K-RH2"
27996,"L139-YZH"
27997,"L7JB-17Q"
27998,"GF79-WVK"
28066,"KCLV-JCN"
28067,"9NQX-D7L"
28072,"GNHX-2HX"
28076,"LH3M-FM3"
28077,"9JR7-CS1"
28078,"GSJW-J2R"
28079,"GLRM-S9N"
28080,"LCVH-325"
28081,"LH1H-5GZ"
28082,"GK15-8FX"
28128,"MTF6-WT4"
28129,"MBF9-ZTK"
28144,"KHBY-631"
28145,"9KGM-TNC"
28146,"MZVY-WGC"
28147,"KVVM-STP"
28157,"GF1C-J4M"
28544,"LHNC-X5K"
28545,"GXTL-22D"
28546,"LZNN-R82"
28547,"L6ZF-TN8"
28548,"G7GT-L3H"
28549,"G7GY-V6R"
28550,"G7GT-X4L"
28551,"LRS7-XP9"
28552,"G259-TSB"
28554,"GXYF-VDC"
28555,"KV36-LQS"
28556,"GQLC-6PX"
28557,"GQLC-F4Y"
28558,"GQLC-C6H"
28559,"GQLC-DK5"
28576,"G8KH-LGD"
28577,"G8KH-8MD"
28584,"G68D-CGD"
28585,"G32Z-LHX"
28586,"GQLC-6TZ"
28587,"GQLC-NY3"
28590,"G68D-274"
28591,"G68D-JG6"
28752,"GH94-D8W"
28753,"GH94-7FZ"
28760,"GK3S-WYZ"
28761,"G86W-BTY"
28762,"GXV8-5VN"
28763,"GK4N-9G3"
28764,"LZYF-2NT"
28765,"LZYF-2JH"
28768,"LT8L-CZV"
28769,"LT8L-FSX"
28770,"K89M-VPY"
28771,"LTK9-C1R"
28772,"GQG3-WLW"
28773,"LZP9-SCY"
28774,"G8DL-PT6"
28775,"G8DG-H6D"
28780,"L1XN-HBM"
28781,"9CQC-H5D"
28804,"G8CM-KCY"
28805,"G8CM-2Y5"
28806,"GN2S-S57"
28832,"KNWD-3Z5"
28833,"9VWB-MW3"
28834,"GQKX-BLN"
28835,"2CY3-877"
28840,"GVRF-KNX"
28841,"MQZP-ZRQ"
28954,"LBRN-BT6"
28955,"LTG8-ZJF"
28958,"93QX-QZN"
28959,"L66D-7VV"
28968,"LVF1-XP8"
28969,"LVF1-F52"
28970,"29WW-VVB"
28971,"29WW-NKW"
28976,"LJKY-C6P"
28977,"GJ9D-2FV"
28978,"M2LC-PQY"
28979,"GKCW-KHD"
28980,"LHPJ-697"
28981,"LZR4-VYQ"
28982,"GVSV-TJ6"
28983,"LZXD-4DM"
28984,"LD39-TBW"
28985,"LC87-FVH"
28986,"GJ1V-2QV"
28987,"L6FV-4L1"
28988,"LBSL-M5T"
28989,"L523-FR2"
28990,"LCQX-818"
28991,"LB1S-SKR"
29032,"93QN-6VW"
29033,"9XN9-Z93"
29064,"LY16-7SQ"
29065,"GNQ5-S54"
29066,"LBHB-Z1S"
29067,"GDSX-X5X"
29072,"LZFP-M6B"
29073,"LC6P-FV9"
29074,"K4XJ-ZWN"
29075,"KC9J-5BM"
29076,"GK3S-MHT"
29077,"9KYQ-1SV"
29078,"LZ8Q-1FZ"
29079,"GSG3-ZPL"
29080,"M7M9-7G6"
29081,"LZGX-WK7"
29084,"G6PM-KQM"
29085,"LRTK-THV"
29086,"LHGG-YRW"
29087,"G6GV-FJT"
29120,"GZJT-S8M"
29121,"GW53-RVL"
29122,"M438-Y8R"
29123,"L1DQ-TYL"
29124,"LB1V-L8K"
29125,"LBB3-FLK"
29126,"LZN7-W1G"
29127,"M1Y6-26T"
29128,"LVGJ-H9Y"
29129,"LD39-Y3G"
29130,"G2YR-JHW"
29131,"GGQY-HM9"
29136,"G6QN-K9Z"
29137,"LHZY-YKH"
29138,"9HLN-1YC"
29139,"KND6-W47"
29142,"GLXS-W3N"
29144,"GS78-JKB"
29145,"GSNL-LVW"
29146,"LCPH-6NX"
29147,"LDCM-WFS"
29152,"9JFG-DNZ"
29153,"G64T-HZZ"
29154,"L2ZG-XXV"
29155,"GQ2P-5T6"
29156,"GMV7-Z54"
29157,"GMV7-CP8"
29158,"GMV7-Z5K"
29159,"LJ28-T69"
29160,"L71P-QCG"
29161,"GQ2P-5T6"
29162,"MCVS-TPV"
29163,"LDN8-MM7"
29164,"9JFG-DNZ"
29165,"G64T-HZZ"
29166,"L2ZG-XXV"
29167,"GQ2P-5T6"
29168,"GHNX-7Z8"
29169,"KVKB-2VD"
29170,"LZF9-BJS"
29171,"LZF9-B2W"
29172,"L4PS-3SL"
29173,"LT73-NBW"
29174,"LRHT-MB6"
29175,"LTKM-XDC"
29176,"LT7M-JYG"
29177,"GZC8-H5Z"
29178,"GZVM-7B8"
29179,"GL95-T8N"
29838,"K8SN-CKZ"
29839,"9X16-L9F"
29840,"LVKQ-C68"
29841,"GVBD-SC7"
29842,"GVS4-HN4"
29856,"LB9D-CM3"
29857,"GKF6-2SJ"
29858,"GZFW-DJ7"
29859,"LKK9-S9N"
29872,"KLB6-CQJ"
29873,"MFYV-PQ8"
29874,"LCF8-WD2"
29875,"LZ4K-4NZ"
29876,"KN76-52W"
29877,"LRSN-V12"
29878,"LZT6-KKX"
29879,"LCRV-LGT"
29880,"LYNX-9NC"
29881,"LRB5-276"
29882,"KZFS-7Y9"
29883,"LC5Z-2KG"
29888,"L8HV-1YF"
29889,"966V-5WC"
29892,"LRGQ-BYP"
29893,"LBH4-RD9"
29894,"MS9K-MBP"
29895,"KN3K-HWP"
29896,"994W-JSF"
29897,"GG49-YZ4"
29898,"LXQ2-9SZ"
29899,"M3JV-T89"
29912,"9CXG-H68"
29913,"LY1R-3YV"
29914,"L4HW-DB2"
29915,"L4BD-WDY"
29918,"LK72-Z1M"
29919,"LVL7-7VN"
29936,"LCTT-41X"
29937,"LZG4-42M"
29938,"LH62-WDL"
29939,"LHJC-ZSZ"
29948,"LCVV-HZS"
29949,"LCVV-HCX"
29950,"G9JH-HZK"
29952,"LKPK-NYY"
29953,"GJCQ-YC3"
29954,"96ZM-VGH"
29955,"JZXN-G59"
29956,"GK4Z-68X"
29968,"GKHZ-K19"
29969,"GKHN-LRL"
29970,"LVQR-5Z4"
29971,"LVQR-5DL"
29972,"LY2C-WJ7"
29973,"LZY1-37P"
29976,"LZFM-7WK"
29977,"LZXZ-5GB"
29978,"LBY6-G23"
29979,"LZKH-9PB"
29984,"LY1M-VC6"
29985,"9C1F-HHB"
29986,"G9PR-R1Q"
29987,"G9PT-Q9P"
29988,"LTXL-DLQ"
29989,"GDXF-Q9Y"
29992,"KJ45-TDT"
29993,"9K8F-CY2"
29994,"L17V-XKB"
29995,"GFQG-375"
29998,"LBRW-MVH"
29999,"LBZ2-LP7"
30004,"LVDJ-9GK"
30005,"GN4V-CXB"
30008,"LY16-7SQ"
30009,"GNQ5-S54"
30010,"LBHB-Z1S"
30011,"GDSX-X5X"
30012,"L6XW-QL8"
30013,"L6XW-QPH"
30014,"LRHP-ZFL"
30015,"LV69-ZW5"
30046,"G2FL-JW6"
30047,"GX32-P8T"
30048,"GH7S-FFG"
30052,"L4BN-4VG"
30053,"LH3K-GN1"
30054,"LHLM-QPM"
30055,"GSR4-4HQ"
30064,"LZXK-JF9"
30065,"LW1S-QQN"
30066,"LDYR-ZK8"
30067,"LCGX-TTP"
30068,"LTPN-NNM"
30069,"LYV1-57R"
30070,"993Q-YMC"
30071,"LTTK-MJ5"
30072,"GG23-G88"
30073,"GV2J-KJT"
30080,"L56N-W9V"
30081,"L89L-8V7"
30082,"MSX3-M8Z"
30083,"MSX3-M8R"
30084,"GZZ8-LZD"
30085,"GFML-RYS"
30086,"M6WL-L5K"
30087,"GHD1-TB6"
30088,"LZTM-VX5"
30089,"93VV-JRR"
30090,"KCVW-7SJ"
30091,"LBG3-NPB"
30096,"GZPV-FVV"
30097,"GZP2-B18"
30104,"LBJ3-YJK"
30105,"GS86-G2B"
30106,"LZ8Z-ZS7"
30107,"LYYX-7XZ"
30124,"M5H9-GGW"
30125,"L7JT-1RZ"
30126,"L7JT-1R2"
30127,"LBXK-R9B"
30128,"KL81-F4T"
30129,"K8NJ-S1F"
30136,"GN5K-F8M"
30137,"GF1W-ZTH"
30140,"GNHF-CWL"
30141,"GNHF-3T9"
30142,"GNHF-NH5"
30143,"GK47-6DF"
30174,"G2FL-JW6"
30175,"GX32-P8T"
30176,"GH7S-FFG"
30180,"L4BN-4VG"
30181,"LH3K-GN1"
30182,"LHLM-QPM"
30183,"GSR4-4HQ"
30192,"LZXK-JF9"
30193,"LW1S-QQN"
30194,"LDYR-ZK8"
30195,"LCGX-TTP"
30196,"LTPN-NNM"
30197,"LYV1-57R"
30198,"993Q-YMC"
30199,"LTTK-MJ5"
30200,"GG23-G88"
30201,"GV2J-KJT"
30216,"G33H-S86"
30218,"G2RT-SKP"
30220,"LZFD-TF5"
30221,"G22K-2GR"
30224,"LJKY-YJR"
30225,"L2BZ-QG2"
30226,"MD48-9PQ"
30227,"M62X-VT8"
30228,"LH7S-G17"
30229,"L5VL-PGG"
30230,"9312-9YS"
30231,"GQ7V-LRF"
30234,"G85N-D8F"
30236,"GVH6-NHP"
30237,"LZWW-87P"
30238,"G33Y-YH2"
30239,"G33Y-JMK"
30240,"LJKY-YJR"
30241,"L2BZ-QG2"
30242,"MD48-9PQ"
30243,"M62X-VT8"
30244,"LH7S-G17"
30245,"L5VL-PGG"
30246,"9312-9YS"
30247,"GQ7V-LRF"
30250,"G85N-D8F"
30252,"GVH6-NHP"
30253,"LZWW-87P"
30254,"G33Y-YH2"
30255,"G33Y-JMK"
30464,"LHQ9-LPT"
30465,"LT9H-93C"
30466,"GLV2-D94"
30467,"GLV2-VSZ"
30468,"G2MG-6M4"
30469,"GJ87-P16"
30470,"LWY4-RQ8"
30471,"L1FV-QT6"
30476,"KLTB-L5Q"
30477,"LWR2-LDW"
30478,"LZT3-1Y5"
30479,"MZBJ-LQJ"
30482,"GMDR-LBR"
30483,"LDYK-9QN"
30520,"M33D-S2T"
30521,"M33D-SLJ"
30528,"GLM7-YV4"
30529,"LV87-P5R"
30530,"GL7Q-P64"
30531,"GL7Q-RJQ"
30534,"GV2N-KKM"
30535,"GX4Q-L4B"
30546,"MMQQ-SZ8"
30547,"GC4X-KQJ"
30548,"LTXL-DLQ"
30549,"GDXF-Q9Y"
30560,"GSZR-S38"
30561,"GSZR-X76"
30564,"LWV3-RPZ"
30565,"GMMC-TL4"
30566,"GZ4W-7Q2"
30567,"GZ47-YQQ"
30576,"G6CJ-GF7"
30577,"GJP9-5XM"
30578,"G6CJ-NMT"
30580,"L19R-M6G"
30581,"KNQF-ZV9"
30582,"LD5K-HGP"
30583,"GWC7-RXV"
30584,"LTBF-M5Y"
30585,"M4MN-WQ4"
30586,"L44L-M3F"
30587,"LBTG-8SM"
30720,"G4RT-S4W"
30721,"M62S-VNW"
30724,"LKVP-L76"
30725,"LKVP-L3T"
30726,"LTQ1-231"
30727,"LTQ1-LGP"
30732,"2WJW-3BT"
30733,"GGQY-JBZ"
30784,"LT46-XH1"
30785,"L1QT-DR9"
30788,"LTC3-LDM"
30789,"LCD3-3R2"
30790,"LT26-4L3"
30791,"GVT8-M3Z"
30816,"G4RT-S4W"
30817,"M62S-VNW"
30820,"LKVP-L76"
30821,"LKVP-L3T"
30822,"LTQ1-231"
30823,"LTQ1-LGP"
30828,"2WJW-3BT"
30829,"GGQY-JBZ"
30864,"MNQ3-J71"
30865,"LRT5-9WQ"
30866,"MS8F-5XC"
30867,"GDYP-PYF"
30872,"L8SL-57Z"
30873,"LZD7-W4H"
30874,"9MWV-FM6"
30875,"KNZ2-1QV"
30876,"LYT4-N3S"
30877,"993B-X83"
30878,"LB59-K3R"
30879,"LTL5-YFK"
30880,"LXM5-6QX"
30881,"LZNT-CYK"
30886,"L89B-751"
30887,"L4B7-DYL"
30888,"LCT3-6ZC"
30889,"LH8W-9XB"
30890,"9SVT-FBV"
30891,"LKSY-JVP"
30892,"L7GJ-HDK"
30893,"L457-48F"
30894,"LHF7-15C"
30895,"KZ76-63F"
30896,"GFQR-MD4"
30924,"GD2H-8P9"
30925,"GD2H-F3H"
32528,"LCZJ-874"
32529,"G6DD-8BX"
32530,"L5GV-QVF"
32531,"M9BJ-PFR"
32532,"KHNG-4ST"
32533,"GJTW-JR8"
32544,"L8T1-C5S"
32545,"KG8J-Y4R"
32546,"GK23-7X8"
32547,"GLD5-7Z6"
32548,"L232-PFM"
32549,"L823-BZL"
32550,"GGGK-XZR"
32551,"GGGK-JSC"
32556,"M1HB-7DK"
32557,"GQDX-PFB"
32558,"M8KY-ZLT"
32559,"4CWS-Y51"
32592,"GCXD-6GB"
32593,"GFMW-4ZL"
32594,"94NP-8L8"
32595,"MGCP-L4P"
32596,"G7VQ-32J"
32597,"MNT1-C1X"
32598,"MM8B-H33"
32599,"MM8B-H3D"
32604,"KHY7-KNZ"
32605,"LC78-CFY"
32612,"2MJW-7K7"
32613,"L5TZ-8T5"
32614,"94RF-7QG"
32615,"L24K-YSL"
