"maxasc","fid","QID","article","name","lifespan","birth_country"
6712,"LZG6-CH7","Q6245304","https://en.wikipedia.org/wiki/John_Lothropp","John Lothrop","Unknown - 1653",NA
6784,"LTFV-PRT","Q15990355","https://en.wikipedia.org/wiki/Ralph_Wheelock","Reverend Ralph Wheelock","1600 - 1684","UK:Great Britain"
6788,"LZ9S-3KP","Q5339774","https://en.wikipedia.org/wiki/Edmund_Rice_(colonist)","Deacon Edmund Rice","1594 - 1663","UK:Great Britain"
6818,"LHN6-VQW","Q16211658","https://en.wikipedia.org/wiki/John_Strong_(colonist)","Elder John Strong","1605 - 1699","UK:Great Britain"
7256,"LZN7-DXZ","Q5544702","https://en.wikipedia.org/wiki/George_Soule_(Mayflower_passenger)","George Soule","1600 - 1677",NA
7646,"LRQS-P26","Q6284127","https://en.wikipedia.org/wiki/Joseph_Hull","Rev. Joseph Hull","Unknown - 1665",NA
11032,"LH1P-T42","Q2428092","https://en.wikipedia.org/wiki/Thomas_Welles","Governor Thomas Welles","1594 - 1660","UK:Great Britain"
11038,"94YN-5LG","Q16863810","https://en.wikipedia.org/wiki/Richard_Treat","Richard Treat Sr.","1584 - 1669","UK:Great Britain"
11288,"LB2N-TRL","Q18880389","https://en.wikipedia.org/wiki/William_Tucker_(Jamestown_immigrant)","Capt. William Tucker","1588 - 1643","UK:Great Britain"
13422,"LZK8-1X7","Q6240151","https://en.wikipedia.org/wiki/John_Howland","John Howland","1599 - 1673","UK:Great Britain"
13423,"LZ8B-H42","Q16863806","https://en.wikipedia.org/wiki/Elizabeth_Tilley","Elizabeth Tilley","Unknown - 1687","UK:Great Britain"
15444,"LZ6D-7GB","Q6264792","https://en.wikipedia.org/wiki/John_Woodbridge","Reverend John Woodbridge","1614 - 1696","UK:Great Britain"
21552,"L17Z-ZBC","Q1293602","https://en.wikipedia.org/wiki/Edward_Seymour,_Lord_Beauchamp","Edward Seymour Viscount Beauchamp","1561 - 1612","UK:Great Britain"
26846,"L71L-S22","Q6260854","https://en.wikipedia.org/wiki/John_Tilley_(Mayflower_passenger)","John Tilley","1571 - 1621","UK:Great Britain"
29880,"LYNX-9NC","Q5717096","https://en.wikipedia.org/wiki/Henry_Adams_(farmer)","Henry Adams","1583 - 1646","UK:Great Britain"
29912,"9CXG-H68","Q7608632","https://en.wikipedia.org/wiki/Stephen_Bachiler","Stephen Bachiler","1561 - Unknown","UK:Great Britain"
30872,"L8SL-57Z","Q5339478","https://en.wikipedia.org/wiki/Edmund_Freeman","Edmund Freeman II","Unknown - 1682",NA
30874,"9MWV-FM6","Q7793263","https://en.wikipedia.org/wiki/Thomas_Prence","Thomas Prence","1600 - 1673","UK:Great Britain"
30876,"LYT4-N3S","Q6247348","https://en.wikipedia.org/wiki/John_Mayo_(minister)","Reverend John Mayo Jr.","1598 - 1676","UK:Great Britain"
30890,"9SVT-FBV","Q375657","https://en.wikipedia.org/wiki/Thomas_Dudley","Governor Thomas Dudley","1576 - 1653","UK:Great Britain"
41614,"LR71-PPB","Q5544435","https://en.wikipedia.org/wiki/George_Seton,_7th_Lord_Seton","Sir George Seton 7th Lord Seton, Provost of Edinburgh, Master of the Royal Household, Commissioner  to France - PC","1528 - 1585","UK:Great Britain"
53552,"L63R-MSW","Q380961","https://en.wikipedia.org/wiki/John_Foxe","Reverend John Foxe","1516 - 1587","UK:Great Britain"
58310,"L41C-Q32","Q7372199","https://en.wikipedia.org/wiki/Rowland_Taylor","Rowland Taylor","1510 - 1555","UK:Great Britain"
61786,"L457-4H4","Q7349778","https://en.wikipedia.org/wiki/Robert_Shute","Hon. Robert Shute Justice of the King's Bench","1522 - 1590","UK:Great Britain"
83224,"LBRD-MGY","Q336796","https://en.wikipedia.org/wiki/James_Hamilton,_1st_Earl_of_Arran","Sir Lord Admiral James Hamilton III Knight, High Sheriff of Lanark","1475 - 1529","UK:Great Britain"
86208,"LTDW-2Q1","Q163936","https://en.wikipedia.org/wiki/Edward_Seymour,_1st_Duke_of_Somerset","Sir Edward Seymour 1st Duke of Somerset","1506 - 1552","UK:Great Britain"
86786,"L1W5-7HY","Q6315297","https://en.wikipedia.org/wiki/Richard_Rich,_1st_Baron_Rich","Sir Richard Rich","1500 - 1567","UK:Great Britain"
90128,"9H86-NF9","Q1261083","https://en.wikipedia.org/wiki/William_Herbert,_1st_Earl_of_Pembroke_(died_1469)","Sir William Herbert 1st Earl of Pembroke","1423 - 1469","UK:Great Britain"
106762,"LJT5-FCZ","Q11803470","https://en.wikipedia.org/wiki/Henry_Clifford,_10th_Baron_Clifford","Sir Henry Clifford","1455 - 1523","UK:Great Britain"
120062,"M6QN-L99","Q1291914","https://en.wikipedia.org/wiki/Edward_Clinton,_1st_Earl_of_Lincoln","Sir Edward Clinton","1512 - 1585","UK:Great Britain"
123560,"LCRD-BST","Q5728882","https://en.wikipedia.org/wiki/Henry_Dudley_(conspirator)","Captain Henry Dudley","1517 - 1553","UK:Great Britain"
166448,"L1CV-VWY","Q1342958","https://en.wikipedia.org/wiki/James_Hamilton,_1st_Lord_Hamilton","James Hamilton -1st Lord Hamilton","1415 - 1479","UK:Great Britain"
166454,"L1HN-PRR","Q137906","https://en.wikipedia.org/wiki/James_IV_of_Scotland","James IV Stewart King of Scotland","1473 - 1513","UK:Great Britain"
172416,"LTJT-HP1","Q961790","https://en.wikipedia.org/wiki/John_Seymour_(1474%E2%80%931536)","Sir John Seymour","1474 - 1536","UK:Great Britain"
172423,"KG8Y-D43","Q588852","https://en.wikipedia.org/wiki/Mary_Tudor,_Queen_of_France","Mary Tudor","1496 - 1533","UK:Great Britain"
173207,"LC3D-9KN","Q2060421","https://en.wikipedia.org/wiki/Margery_Wentworth","Margery Wentworth","1453 - 1540",NA
173694,"KLNH-NVZ","Q349531","https://en.wikipedia.org/wiki/Edwin_Sandys_(bishop)","Archbishop Edwin Sandys","1519 - 1588","UK:Great Britain"
176776,"LTHP-RT2","Q7084869","https://en.wikipedia.org/wiki/Old_Rory","Roderick MacLeod 10th of the Lewes","1500 - 1595","UK:Scotland:Isle of Lewis"
180256,"L1Q3-HB5","Q3400736","https://en.wikipedia.org/wiki/William_ap_Thomas","Sir William ap Thomas Herbert KG","1401 - 1446","UK:Great Britain"
197638,"L25P-RFL","Q157776","https://en.wikipedia.org/wiki/John,_King_of_Denmark","King Hans Von Oldenburg of Denmark, Norway and Sweden","1455 - 1513","Denmark"
217182,"L581-HGB","Q8205978","https://en.wikipedia.org/wiki/Nicholas_Vaux,_1st_Baron_Vaux_of_Harrowden","Nicholas Vaux, 1st Baron Vaux of Harrowden","1460 - 1523","UK:Great Britain"
240542,"L5TD-KMB","Q536316","https://en.wikipedia.org/wiki/Richard_Empson","Sir Richard Empson Chancellor of the Duchy","1450 - 1510","UK:Great Britain"
247120,"LC3T-MRD","Q6259721","https://en.wikipedia.org/wiki/John_Sutton,_3rd_Baron_Dudley","Sir John Sutton 3rd Baron of Dudley","1494 - 1553","UK:Great Britain"
299424,"KNF8-X22","Q2846565","https://en.wikipedia.org/wiki/Andrew_Barton_(privateer)","Admiral Andrew Barton Stedman the Younger","1466 - 1511","UK:Great Britain"
322964,"9W1B-J6S","Q7965191","https://en.wikipedia.org/wiki/Walter_Hungerford,_1st_Baron_Hungerford_of_Heytesbury","Walter Hungerford 1st Baron Hungerford of Heytesbury","1503 - 1540","UK:Great Britain"
322970,"MXN3-5GJ","Q5339846","https://en.wikipedia.org/wiki/Edmund_Sutton","Lord Edmund Sutton 2nd Baron Dudley","1460 - 1531","UK:Great Britain"
332905,"LYTN-CJW","Q4770176","https://en.wikipedia.org/wiki/Joan_Stewart,_Countess_of_Morton","Princess Joan Stewart","1428 - 1493","UK:Great Britain"
332908,"KP42-W21","Q222616","https://en.wikipedia.org/wiki/James_III_of_Scotland","James III Stewart King of Scotland","1451 - 1488","UK:Great Britain"
344841,"LB5N-FSF","Q5056508","https://en.wikipedia.org/wiki/Cecily_Bonville,_7th_Baroness_Harington","Lady Cecily Bonville","1460 - 1529","UK:Great Britain"
344846,"9C7M-B1Y","Q675493","https://en.wikipedia.org/wiki/Henry_VII_of_England","Henry VII King of England","1457 - 1509","UK:Great Britain"
352784,"KNWW-61H","Q1821774","https://en.wikipedia.org/wiki/Ralph_Percy","Ralph Percy","1425 - 1498","UK:Great Britain"
360526,"LY19-JG7","Q13128794","https://en.wikipedia.org/wiki/Gruffudd_ap_Nicolas","Sir Gruffudd ap Nicolas","1393 - 1461","UK:Great Britain"
395276,"LJVS-J47","Q153940","https://en.wikipedia.org/wiki/Christian_I_of_Denmark","Christian I King of Denmark, Norway, and Sweden","1426 - 1481","Germany"
403418,"LTM8-83T","Q2413185","https://en.wikipedia.org/wiki/Archibald_Campbell,_2nd_Earl_of_Argyll","Archibald Campbell, 2nd Earl of Argyll","1465 - 1513","UK:Great Britain"
403888,"LYJZ-818","Q8015199","https://en.wikipedia.org/wiki/William_Martin_(Athelhampton)","Sir William Martin Baron of Athelhampton and Lord Mayor of London","1446 - 1504","UK:Great Britain"
428930,"9JJ1-XWN","Q495612","https://en.wikipedia.org/wiki/Alexander_Gordon,_1st_Earl_of_Huntly","Sir Alexander Seton 1st Earl of Huntly","1410 - 1470","UK:Great Britain"
434204,"LDQL-NRN","Q6143629","https://en.wikipedia.org/wiki/James_Stewart,_the_Black_Knight_of_Lorn","James Stewart Black Knight of Lorne","1399 - 1451","UK:Great Britain"
434205,"M72D-PDF","Q241923","https://en.wikipedia.org/wiki/Joan_Beaufort,_Queen_of_Scots","Joan Beaufort Queen Consort of Scotland","1407 - 1445","UK:Great Britain"
434624,"K6QG-NV6","Q7321859","https://en.wikipedia.org/wiki/Rhys_ap_Thomas","Sir Rys ap Thomas","1449 - 1525","UK:Great Britain"
435074,"LYF7-XB8","Q6555844","https://en.wikipedia.org/wiki/Lionel_Welles,_6th_Baron_Welles","Sir Lionel De Welles , Lord Lieutenant of Ireland, 6th Baron of Hellowe and Gainsby","1406 - 1461","UK:Great Britain"
435574,"K86G-LMN","Q16842103","https://en.wikipedia.org/wiki/Hector_Mor_Maclean,_12th_Chief","Hector Mor MacLean 12th. Clan Chief","1497 - 1568",NA
479186,"MQQN-F6P","Q8006525","https://en.wikipedia.org/wiki/William_Capel","William Capel","1446 - 1515","UK:Great Britain"
481056,"L27Y-S1S","Q8020664","https://en.wikipedia.org/wiki/William_Yelverton","Sir William Yelverton Justice Of The Kings Bench","1434 - 1481","UK:Great Britain"
645938,"9DTB-Z3H","Q7964675","https://en.wikipedia.org/wiki/Walter_Devereux,_8th_Baron_Ferrers_of_Chartley","Sir Walter Devereux IV","1432 - 1485","UK:Great Britain"
645940,"LDB2-BGB","Q5339846","https://en.wikipedia.org/wiki/Edmund_Sutton","Sir Edmund Sutton","1425 - 1485","UK:Great Britain"
665826,"LBJQ-CSS","Q2365478","https://en.wikipedia.org/wiki/Colin_Campbell,_1st_Earl_of_Argyll","Sir Colin Campbell, 1st Earl of Argyll","1433 - 1493","UK:Great Britain"
665836,"LBJP-PQF","Q633145","https://en.wikipedia.org/wiki/Archibald_Douglas,_5th_Earl_of_Angus","Lord Archibald Douglas 5th Earl of Angus","1449 - 1513",NA
689681,"LZPS-YTQ","Q229214","https://en.wikipedia.org/wiki/Elizabeth_Woodville","Elizabeth Woodville Queen Consort of England","1437 - 1492","UK:Great Britain"
689693,"LD79-GMG","Q229202","https://en.wikipedia.org/wiki/Lady_Margaret_Beaufort","Margaret Beaufort","1443 - 1509","UK:Great Britain"
689922,"LZ86-T6V","Q294671","https://en.wikipedia.org/wiki/Robert_III_of_Scotland","Robert III Stewart King of Scotland","1337 - 1406","UK:Great Britain"
689923,"LZPK-KKT","Q271434","https://en.wikipedia.org/wiki/Anabella_Drummond","Annabella Drummond Queen of Scotland","1350 - 1401","UK:Great Britain"
694314,"LX23-PNY","Q1332495","https://en.wikipedia.org/wiki/John_de_Vere,_13th_Earl_of_Oxford","Sir John de Vere 13th Earl of Oxford","1442 - 1513","UK:Great Britain"
706764,"973N-LD4","Q312137","https://en.wikipedia.org/wiki/Richard_of_York,_3rd_Duke_of_York","Richard of York 3rd Duke of York","1411 - 1460","UK:Great Britain"
706798,"L7F9-V2S","Q7345699","https://en.wikipedia.org/wiki/Robert_Hungerford,_2nd_Baron_Hungerford","Sir Robert Hungerford, 2nd Baron Hungerford","1409 - 1459","UK:Great Britain"
720923,"MF6V-C69","Q5362776","https://en.wikipedia.org/wiki/Elizabeth_Fitzalan,_Duchess_of_Norfolk","Elizabeth FitzAlan","1366 - 1425","UK:Great Britain"
721068,"LD91-3SZ","Q1972589","https://en.wikipedia.org/wiki/Ralph_Neville,_1st_Earl_of_Westmorland","Ralph Neville","1363 - 1425","UK:Great Britain"
727134,"GZR5-4MV","Q5538218","https://en.wikipedia.org/wiki/George_Crichton,_1st_Earl_of_Caithness","George Crichton of Cairns - Earl of Caithness","1382 - 1454","UK:Great Britain"
806838,"LBC2-D1R","Q1701827","https://en.wikipedia.org/wiki/John_Stewart,_1st_Earl_of_Lennox","Sir John Stewart 1st Earl of Lennox","1425 - 1495","UK:Great Britain"
858126,"MHKV-NZ1","Q7964676","https://en.wikipedia.org/wiki/Walter_Devereux_(1411%E2%80%931459)","Sir Walter Devereux","1411 - 1459","UK:Great Britain"
868410,"9HTZ-YQ8","Q544076","https://en.wikipedia.org/wiki/John_Beaufort,_1st_Earl_of_Somerset","John Beaufort 1st Earl of Somerset","1373 - 1410","France"
868411,"LD79-5VT","Q3846871","https://en.wikipedia.org/wiki/Margaret_Holland,_Duchess_of_Clarence","Lady Margaret Holland Duchess of Clarence","1385 - 1439","UK:Great Britain"
868618,"LBCG-789","Q11803259","https://en.wikipedia.org/wiki/John_Sutton,_1st_Baron_Dudley","Sir John Sutton 1st Baron Dudley","1400 - 1487",NA
870426,"LB6G-LMH","Q7790786","https://en.wikipedia.org/wiki/Thomas_Hoo,_Baron_Hoo_and_Hastings","Thomas Hoo the Elder","1396 - 1455","UK:Great Britain"
871148,"KCQP-DTS","Q6468424","https://en.wikipedia.org/wiki/Lachlan_Cattanach_Maclean,_11th_Chief","Lachlan Cattanach MacLean 11th. Chief of Clan MacLean","1470 - 1523",NA
920676,"LYZJ-32W","Q7359192","https://en.wikipedia.org/wiki/Roger_Clifford,_5th_Baron_Clifford","Roger Clifford 2nd Baron Clifford","1333 - 1389","UK:Great Britain"
962306,"LRJ3-LMZ","Q18880250","https://en.wikipedia.org/wiki/Roger_Pilkington_(MP)","Roger de Pilkington III","1325 - 1407","UK:Great Britain"
962356,"KT7Q-1T4","Q7329662","https://en.wikipedia.org/wiki/Richard_Vernon_(speaker)","Sir Richard de Vernon, III, Knight","1383 - 1451","UK:Great Britain"
978604,"LZV6-N1D","Q6851550","https://en.wikipedia.org/wiki/Miles_Stapleton_of_Bedale","Sir Miles Stapleton II","1316 - 1364","UK:Great Britain"
985234,"GXMD-MJ3","Q6257160","https://en.wikipedia.org/wiki/John_Scudamore_(landowner)","Sir John de Scudamore, Knight","1375 - 1434","UK:Great Britain"
1230290,"LTHN-LR9","Q5542841","https://en.wikipedia.org/wiki/George_Nevill,_4th_Baron_Bergavenny","Sir George Neville 5th and de jure 3rd Baron Bergavenny","1440 - 1492","UK:Great Britain"
1291814,"LTGM-QS1","Q3990738","https://en.wikipedia.org/wiki/Thomas_West,_8th_Baron_De_La_Warr","Thomas West 8th Baron de La Warre","1457 - 1525","UK:Great Britain"
1379363,"LYCZ-561","Q448289","https://en.wikipedia.org/wiki/Jacquetta_of_Luxembourg","Jacquetta of Luxembourg, Duchess of Bedford and Countess Rivers","1415 - 1472","France"
1379384,"LBD3-X58","Q361128","https://en.wikipedia.org/wiki/Owen_Tudor","Sir Owain Tudor Knight","1400 - 1461","UK:Wales:Anglesey"
1379385,"LDM2-5MY","Q229192","https://en.wikipedia.org/wiki/Catherine_of_Valois","Catherine of Valois, Queen Consort of England, Princess of France","1401 - 1437","France"
1379844,"LHW6-FV7","Q312592","https://en.wikipedia.org/wiki/Robert_II_of_Scotland","Robert II Stewart King of Scotland","1316 - 1390","UK:Great Britain"
1379845,"L89H-F4Y","Q1987004","https://en.wikipedia.org/wiki/Elizabeth_Mure","Elizabeth Mure of Rowallan","1320 - 1354","UK:Great Britain"
1412096,"LB31-RMJ","Q6265670","https://en.wikipedia.org/wiki/John_Welles,_5th_Baron_Welles","John Welles 5th Baron Welles","1352 - 1421","UK:Great Britain"
1413598,"LYF4-BB9","Q8020765","https://en.wikipedia.org/wiki/William_de_Botreaux,_3rd_Baron_Botreaux","William Botreaux 3rd Baron Botreaux","1389 - 1462","UK:Great Britain"
1442138,"GWZX-F4D","Q193752","https://en.wikipedia.org/wiki/John_of_Gaunt","John of Gaunt","1340 - 1399","Belgium"
1572960,"G2P9-18L","Q16200495","https://en.wikipedia.org/wiki/Maurice_FitzGerald,_4th_Earl_of_Kildare","Sir Maurice FitzThomas FitzGerald 4th Earl of Kildare, Justiciar of Ireland","1318 - 1390","Ireland"
1573632,"L78R-RNM","Q7789610","https://en.wikipedia.org/wiki/Thomas_FitzGerald,_2nd_Baron_Desmond","Thomas Fitzmaurice FitzGerald 2nd Baron Desmond","1261 - 1298","Ireland"
1573636,"LYS3-485","Q6130586","https://en.wikipedia.org/wiki/James_Butler,_1st_Earl_of_Ormond","James Butler 1st Earl of Ormond","1304 - 1338","Ireland"
1573644,"L1W9-YZ5","Q923162","https://en.wikipedia.org/wiki/Thomas_Beauchamp,_11th_Earl_of_Warwick","Sir Thomas de Beauchamp 11th Earl of Warwick","1313 - 1369","UK:Great Britain"
1573645,"LBSJ-C5W","Q3813372","https://en.wikipedia.org/wiki/Katherine_Mortimer,_Countess_of_Warwick","Katherine Mortimer","1313 - 1369","UK:Great Britain"
1584211,"LZZ2-H1W","Q6760059","https://en.wikipedia.org/wiki/Margaret_de_Stafford","Margaret Stafford Countess of Westmoreland","1364 - 1396","UK:Great Britain"
1708194,"LHP9-JJ1","Q471421","https://en.wikipedia.org/wiki/Henry_Percy_(Hotspur)","Sir Henry Percy","1364 - 1403","UK:Great Britain"
1708195,"L5PZ-F6P","Q5363245","https://en.wikipedia.org/wiki/Elizabeth_Mortimer","Elizabeth Mortimer Baroness Camoys","1371 - 1417","UK:Great Britain"
1736776,"LTLV-52V","Q7790902","https://en.wikipedia.org/wiki/Thomas_Hungerford_(speaker)","Sir Thomas de Hungerford","1330 - 1398","UK:Great Britain"
1841352,"LTF3-8T1","Q7351393","https://en.wikipedia.org/wiki/Robert_Clifford,_3rd_Baron_Clifford","Robert de Clifford","1305 - 1344","UK:Great Britain"
1867162,"L8BC-9N3","Q7287487","https://en.wikipedia.org/wiki/Ralph_Fitzherbert","John Wakelin","1554 - 1614",NA
1957492,"MN7Q-K5Q","Q2893387","https://en.wikipedia.org/wiki/Thomas_Camoys,_1st_Baron_Camoys","Thomas de Camoys 1st Baron Camoys KG","1351 - 1421",NA
2087220,"9CCV-52G","Q592380","https://en.wikipedia.org/wiki/Archibald_Douglas,_3rd_Earl_of_Douglas","Archibald Douglas 3rd Earl of Douglas Earl of Wigtown Lord of Galloway and Bothwell","1325 - 1400","UK:Great Britain"
2573274,"GWZL-XD8","Q432771","https://en.wikipedia.org/wiki/Thomas_of_Woodstock,_Duke_of_Gloucester","Thomas of Woodstock","1355 - 1397","UK:Great Britain"
2663304,"LZGM-2K2","Q1265364","https://en.wikipedia.org/wiki/Duncan_Campbell,_1st_Lord_Campbell","Sir Duncan Campbell 1st Lord of Lochow","1370 - 1453","UK:Great Britain"
2663310,"GSLZ-BNP","Q3036052","https://en.wikipedia.org/wiki/Donald_of_Islay,_Lord_of_the_Isles","Donald MacDonald 8th Lord of the Isles","1360 - 1423","UK:Great Britain"
2663311,"LBBH-XMW","Q4259454","https://en.wikipedia.org/wiki/Mariota,_Countess_of_Ross","Mariota Leslie","1363 - 1429","UK:Great Britain"
2663320,"LTXM-KMP","Q6132751","https://en.wikipedia.org/wiki/James_Douglas,_1st_Lord_Dalkeith","Sir James Douglas 1st Lord of Dalkeith","1370 - 1440","UK:Great Britain"
2759688,"L8MB-CP1","Q1100898","https://en.wikipedia.org/wiki/Walter_Stewart,_6th_High_Steward_of_Scotland","Walter Stewart 6th High Steward of Scotland","1296 - 1327","UK:Great Britain"
2759732,"LR72-4QX","Q593666","https://en.wikipedia.org/wiki/Aonghus_%C3%93g_of_Islay","Aonghus Og MacDohmnaill of the Isles","1272 - 1330",NA
2760045,"K6QG-MLS","Q6779128","https://en.wikipedia.org/wiki/Mary_Bruce","Mary de Brus","1279 - 1323","UK:Great Britain"
2760166,"LY3P-P2L","Q27958390","https://en.wikipedia.org/wiki/Archibald_Campbell_of_Lochawe","Sir Archibald Mor Campbell 12th. Laird of Lochow","1310 - 1372","UK:Great Britain"
2760175,"K6S2-5L7","Q271445","https://en.wikipedia.org/wiki/Euphemia_de_Ross","Queen Euphemia Ross of Scotland","1329 - 1386","UK:Great Britain"
2883692,"LYK6-VQ2","Q348932","https://en.wikipedia.org/wiki/Richard_Fitzalan,_4th_Earl_of_Arundel","Sir Richard FitzAlan 10th Earl of Arundel","1306 - 1376","UK:Great Britain"
2883693,"LB1S-5V6","Q1325750","https://en.wikipedia.org/wiki/Eleanor_of_Lancaster","Eleanor of Lancaster","1318 - 1372","UK:Great Britain"
2884270,"LY8C-LSL","Q2004845","https://en.wikipedia.org/wiki/Edmund_Fitzalan,_2nd_Earl_of_Arundel","Edmund FitzAlan 9th Earl of Arundel","1285 - 1326","UK:Great Britain"
2884276,"93RN-C7J","Q129247","https://en.wikipedia.org/wiki/Edward_III_of_England","Edward III King of England","1312 - 1377","UK:Great Britain"
2884277,"9Z8W-FY1","Q229279","https://en.wikipedia.org/wiki/Philippa_of_Hainault","Philippa de Hainault Queen of England","1313 - 1369","France"
2884284,"M9WP-FX4","Q1031944","https://en.wikipedia.org/wiki/Thomas_Holland,_1st_Earl_of_Kent","Sir Thomas Holand","1314 - 1360","UK:Great Britain"
2884302,"G69L-QVB","Q4573248","https://en.wikipedia.org/wiki/Bartholomew_Burghersh_the_elder","Bartholomew de Burghersh 1st Baron Burghersh","1287 - 1355","UK:Great Britain"
3147266,"L7PC-D5P","Q7795451","https://en.wikipedia.org/wiki/Thomas_de_Berkeley,_1st_Baron_Berkeley","Thomas de Berkeley 1st Baron Berkeley","1245 - 1321","UK:Great Britain"
3147288,"LB3W-PR2","Q3122244","https://en.wikipedia.org/wiki/Guy_de_Beauchamp,_10th_Earl_of_Warwick","Guy de Beauchamp 10th Earl of Warwick","1272 - 1315","UK:Great Britain"
3147289,"KZZH-H9Z","Q3611715","https://en.wikipedia.org/wiki/Alice_de_Toeni,_Countess_of_Warwick","Alice de Tosny","1284 - 1324","UK:Great Britain"
3147290,"LY16-VK3","Q312990","https://en.wikipedia.org/wiki/Roger_Mortimer,_1st_Earl_of_March","Roger Mortimer 1st Earl of March","1287 - 1330","UK:Great Britain"
3234580,"LB3F-1WH","Q6265481","https://en.wikipedia.org/wiki/John_Beauchamp,_2nd_Baron_Beauchamp_of_Somerset","Sir John Beauchamp 2nd Baron Beauchamp of Somerset","1304 - 1343","UK:Great Britain"
3474474,"LBJ1-7RM","Q7964324","https://en.wikipedia.org/wiki/Walter_Blount_(soldier)","Walter Blount","1350 - 1403","UK:Great Britain"
3474814,"L6NJ-P7F","Q2581176","https://en.wikipedia.org/wiki/William_de_la_Pole_(Chief_Baron_of_the_Exchequer)","Sir William de la Pole","1302 - 1366","UK:Great Britain"
3682705,"93M8-21Q","Q20171448","https://en.wikipedia.org/wiki/Maud_de_Clare","Maud de Clare Baroness de Welles","1276 - 1327","UK:Great Britain"
3824494,"KHTM-VDZ","Q6260178","https://en.wikipedia.org/wiki/John_Talbot,_1st_Viscount_Lisle","John Talbot III 1st Viscount Lisle","1426 - 1453","UK:Great Britain"
3848882,"LB5T-GL5","Q679266","https://en.wikipedia.org/wiki/Roger_Mortimer,_2nd_Earl_of_March","Roger Mortimer 2nd Earl of March","1328 - 1360","UK:Great Britain"
4174440,"L6KK-BW5","Q648516","https://en.wikipedia.org/wiki/James_Douglas,_Lord_of_Douglas","Sir James The Black Douglas Lord of Hermiston","1286 - 1330","UK:Great Britain"
5147746,"9CQ1-X4J","Q2685455","https://en.wikipedia.org/wiki/Hugh_Despenser_the_Elder","Sir Hugh le Despenser 1st Lord Despenser","1286 - 1326","UK:Great Britain"
5167584,"L2SJ-5JR","Q18750973","https://en.wikipedia.org/wiki/Robert_Cary_(died_c._1431)","Sir Robert Cary of Cockington","1377 - 1431","UK:Great Britain"
5513224,"LZ2D-FMP","Q155167","https://en.wikipedia.org/wiki/John_of_Bohemia","Jean I de Luxembourg Roi de Bohême","1296 - 1346","Czech Republic"
5519378,"LDQR-3KB","Q187312","https://en.wikipedia.org/wiki/Robert_the_Bruce","Robert I the Bruce, King of Scots","1274 - 1329",NA
5519416,"9S7W-9LY","Q1123011","https://en.wikipedia.org/wiki/William_the_Hardy,_Lord_of_Douglas","Lord William ""Le Hardi"" Douglas 5th Laird of Douglas","1243 - 1298","UK:Great Britain"
5520090,"L8MB-67G","Q1772833","https://en.wikipedia.org/wiki/Robert_de_Brus,_6th_Lord_of_Annandale","Robert de Brus 6th Lord of Annandale","1243 - 1304","UK:Great Britain"
5520091,"L8MB-67P","Q273307","https://en.wikipedia.org/wiki/Marjorie,_Countess_of_Carrick","Lady Marjorie de Carrick 3rd Countess of Carrick","1254 - 1292","UK:Great Britain"
5520260,"LZTC-GX5","Q385362","https://en.wikipedia.org/wiki/Edward_Bruce","Sir Edward Bruce Earl of Carrick, High King of Ireland, Lord of Galloway","1280 - 1318","UK:Great Britain"
5520298,"LVM6-FBZ","Q3133191","https://en.wikipedia.org/wiki/Henry_de_Hastings_(died_1268)","Henry de Hastings 1st Baron Hastings","1235 - 1269","UK:Great Britain"
5555994,"LBK6-4Z2","Q4441326","https://en.wikipedia.org/wiki/Edmund_Stafford,_1st_Baron_Stafford","Edmund Stafford 1st Baron Stafford","1272 - 1308","UK:Great Britain"
5654114,"9SR5-K28","Q310963","https://en.wikipedia.org/wiki/Peter_of_Castile","Pedro Alfonsez I King of Castile and Leon","1334 - 1369","Spain"
5767390,"LD9R-WJ3","Q4865294","https://en.wikipedia.org/wiki/Bartholomew_Badlesmere,_1st_Baron_Badlesmere","Sir Bartholomew Badlesmere","1275 - 1322","UK:Great Britain"
5767391,"LD91-Q2Q","Q3846899","https://en.wikipedia.org/wiki/Margaret_de_Clare,_Baroness_Badlesmere","Margaret de Clare","1287 - 1333",NA
5768470,"LZ1V-JW1","Q1360375","https://en.wikipedia.org/wiki/Gilbert_de_Clare,_7th_Earl_of_Gloucester","Gilbert de Clare 7th Earl of Gloucester","1243 - 1295","UK:Great Britain"
5768471,"GDW4-666","Q257968","https://en.wikipedia.org/wiki/Joan_of_Acre","Countess Joan of Acre","1272 - 1307","Israel"
5768540,"9HVV-643","Q2034626","https://en.wikipedia.org/wiki/Richard_Fitzalan,_1st_Earl_of_Arundel","Richard FitzAlan 8th Earl of Arundel","1267 - 1302","UK:Great Britain"
5768546,"9CQN-28Q","Q23890898","https://en.wikipedia.org/wiki/Hugh_de_Audley,_1st_Baron_Audley_of_Stratton_Audley","Sir Hugh Audley of Sratton Audley","1267 - 1326","UK:Great Britain"
5768548,"L5R2-HFJ","Q3785021","https://en.wikipedia.org/wiki/Henry_Percy,_1st_Baron_Percy","Sir Henry de Percy","1273 - 1314","UK:Great Britain"
5768552,"L19M-VCD","Q5236","https://en.wikipedia.org/wiki/Edward_II_of_England","Edward II King of England","1284 - 1327","UK:Great Britain"
5768553,"LDQK-6JM","Q228642","https://en.wikipedia.org/wiki/Isabella_of_France","Isabella of France Queen of England","1292 - 1358","France"
5768570,"L8MJ-ZLQ","Q956563","https://en.wikipedia.org/wiki/Edmund_of_Woodstock,_1st_Earl_of_Kent","Edmund of Woodstock 1st Earl of Kent","1301 - 1330","UK:Great Britain"
6294528,"LZL4-C4H","Q6233267","https://en.wikipedia.org/wiki/John_FitzThomas,_1st_Baron_Desmond","John FitzThomas FitzGerald 1st Baron Desmond","1195 - 1268","Ireland"
6294532,"L1BT-6L6","Q6793553","https://en.wikipedia.org/wiki/Maurice_de_Berkeley","Sir Maurice de Berkeley 5th feudal baron of Berkeley","1218 - 1281","UK:Great Britain"
6294534,"L8PJ-FJ6","Q3405585","https://en.wikipedia.org/wiki/William_de_Ferrers,_5th_Earl_of_Derby","Sir William de Ferrers 5th Earl of Derby","1193 - 1254","UK:Great Britain"
6294540,"LT84-J6L","Q29389103","https://en.wikipedia.org/wiki/Toirdhealbhach_M%C3%B3r_%C3%93_Briain","Toirdhealbhach Mór Ó Briain, King of Thomond","1245 - 1306","Ireland"
6294550,"LYWX-CBR","Q57798","https://en.wikipedia.org/wiki/Edward_I_of_England","Edward I King of England","1239 - 1307","UK:Great Britain"
6294551,"9CQX-DXX","Q59604","https://en.wikipedia.org/wiki/Eleanor_of_Castile","Eleanor of Castile Queen of England","1240 - 1290","Spain"
6294556,"GSWF-F4N","Q3565928","https://en.wikipedia.org/wiki/Walter_de_Burgh,_1st_Earl_of_Ulster","Walter de Burgh 1st Earl of Ulster","1230 - 1271","Ireland"
6340338,"L2K4-YXB","Q6259734","https://en.wikipedia.org/wiki/John_Sutton_II","John Sutton II","1308 - 1359","UK:Great Britain"
6455366,"94L5-FXD","Q2618807","https://en.wikipedia.org/wiki/Owain_Gwynedd","Owain Gwynedd King of all Wales","1087 - 1170","UK:Wales:Anglesey"
6459028,"LRV7-FNB","Q11802623","https://en.wikipedia.org/wiki/Henry_Percy,_3rd_Baron_Percy","Henry Percy 3rd Baron Percy","1320 - 1368","UK:Great Britain"
6878278,"9WGJ-5WT","Q16240140","https://en.wikipedia.org/wiki/John_Sutton_III","Sir John Sutton III","1329 - 1369","UK:Great Britain"
6948938,"L5DP-J2M","Q169992","https://en.wikipedia.org/wiki/John_II_of_France","Jean II ""Le Bon"" de France Roi de France","1319 - 1364","France"
7365410,"L5GN-Q5Q","Q2428399","https://en.wikipedia.org/wiki/Thomas_de_Clare,_Lord_of_Thomond","Sir Thomas de Clare 1st Lord of Thomond","1245 - 1287","UK:Great Britain"
7365411,"LYZR-2Q4","Q3811097","https://en.wikipedia.org/wiki/Juliana_FitzGerald,_Lady_of_Thomond","Lady Juliane FitzMaurice","1263 - 1300","Ireland"
7828838,"LYGV-NLN","Q323643","https://en.wikipedia.org/wiki/John_I_de_Balliol","John de Balliol","Unknown - 1268","UK:Great Britain"
7828846,"LYQP-GSF","Q8012779","https://en.wikipedia.org/wiki/William_de_Cantilupe_(died_1254)","William de Cantilupe 3rd Baron Abergavenny","1221 - 1254","UK:Great Britain"
8348886,"LVFB-T4D","Q12858658","https://en.wikipedia.org/wiki/John_de_Menteith","Sir John Menteith -Lord of Arran","1271 - 1323","UK:Great Britain"
10295493,"LB6W-M1K","Q3802304","https://en.wikipedia.org/wiki/Isabella_de_Beauchamp","Lady Isabella de Beauchamp","1249 - 1306","UK:Great Britain"
10757608,"LD97-5H9","Q934504","https://en.wikipedia.org/wiki/Roger_Mortimer,_1st_Baron_Mortimer_of_Wigmore","Sir Roger de Mortimer II, First Baron of Wigmore","1231 - 1282","UK:Great Britain"
11026448,"GM3N-5RY","Q152717","https://en.wikipedia.org/wiki/Henry_VII,_Holy_Roman_Emperor","Henri von Luxembourg Vii","1274 - 1313","France"
11038832,"LY7K-8TV","Q4170066","https://en.wikipedia.org/wiki/William_Longleg,_Lord_of_Douglas","William ""Longlegs"" Douglas 3rd Lord of Douglas","1220 - 1274","UK:Great Britain"
11039046,"9HFS-PKH","Q467685","https://en.wikipedia.org/wiki/Llywelyn_ab_Iorwerth","Llywelyn ab Iorwerth","1174 - 1240","UK:Wales:Anglesey"
11040036,"LY35-7MC","Q16202302","https://en.wikipedia.org/wiki/Niall_mac_Cailein","Sir Neil Campbell of Lochow","1258 - 1315","UK:Great Britain"
11091216,"KN6Z-1FV","Q314331","https://en.wikipedia.org/wiki/Charles_II_of_Naples","Charles d'Anjou II, Roi de Naples","1254 - 1309","Italy"
11305878,"LCZT-JZV","Q7026476","https://en.wikipedia.org/wiki/Nicholas_Segrave,_1st_Baron_Segrave","Nicholas Segrave 1st Baron Segrave","1238 - 1295","UK:Great Britain"
11308228,"M6FB-J43","Q298808","https://en.wikipedia.org/wiki/Alfonso_XI_of_Castile","Alfonso XI de Castilla Rey de Castilla","1311 - 1350","Spain"
11534772,"L7TR-TVZ","Q447802","https://en.wikipedia.org/wiki/Edmund_Crouchback","Edmund 1st Earl of Lancaster","1245 - 1296","UK:Great Britain"
11537141,"9HB6-J38","Q235480","https://en.wikipedia.org/wiki/Margaret_of_France,_Queen_of_England","Marguerite Capet de France Queen of England","1279 - 1318","France"
11537262,"L2PC-C3Z","Q6233297","https://en.wikipedia.org/wiki/John_Fitzgeoffrey","John FitzGeoffrey Lord of Shere and Justiciar of Ireland","1208 - 1258","UK:Great Britain"
12589100,"9SS7-5BT","Q160311","https://en.wikipedia.org/wiki/Henry_III_of_England","Henry III King of England","1207 - 1272","UK:Great Britain"
12589101,"9HD3-MC1","Q228885","https://en.wikipedia.org/wiki/Eleanor_of_Provence","Eleanor Berenger of Provence Queen of England","1221 - 1291","France"
12589102,"9CZS-WBG","Q243122","https://en.wikipedia.org/wiki/Ferdinand_III_of_Castile","Fernando III Rey de Castilla y de León","1201 - 1252","Spain"
12589103,"LZD4-722","Q603883","https://en.wikipedia.org/wiki/Joan,_Countess_of_Ponthieu","Queen Consort Jeanne ""Juana"" De Danmartin Reina Consorte de Castilla","1220 - 1279","France"
12663116,"LYD7-TB9","Q102140","https://en.wikipedia.org/wiki/Henry_II_of_England","Henry II King of England","1133 - 1189","France"
12663117,"LYD7-YY1","Q4529990","https://en.wikipedia.org/wiki/Ida_de_Tosny","Ida de Tosny Countess of Norfolk","1160 - 1204","UK:Great Britain"
14730822,"93HW-J56","Q3852421","https://en.wikipedia.org/wiki/Maurice_FitzGerald,_3rd_Lord_of_Offaly","Maurice FitzMaurice 3rd Lord of Offaly","1218 - 1277","Ireland"
14927652,"L5XT-ZHK","Q75382589","https://en.wikipedia.org/wiki/Hugh_Bardolf,_1st_Baron_Bardolf","Sir Hugh Bardolf 1st Baron Bardolph","1259 - 1304","UK:Great Britain"
19682718,"9HY5-3Z3","Q6238201","https://en.wikipedia.org/wiki/John_Hastings,_1st_Baron_Hastings","John Hastings 1st Baron Hastings","1262 - 1313","UK:Great Britain"
21305363,"LYQL-PPF","Q17124676","https://en.wikipedia.org/wiki/Marjory,_Countess_of_Buchan","Countess Margaret Buchan","1184 - 1244","UK:Great Britain"
21305394,"MD4T-7QG","Q6233288","https://en.wikipedia.org/wiki/John_FitzRobert","John Fitzrobert de Stokes 3d Baron Warkworth, Surety of the Magna Carta","1192 - 1240","UK:Great Britain"
22077856,"MVMZ-N3Y","Q3417500","https://en.wikipedia.org/wiki/Ragnall_mac_Somairle","Ragnall Mac Somairle Lord of the Isles","1148 - 1207",NA
22077860,"LTBC-QTH","Q5562002","https://en.wikipedia.org/wiki/Gilleasbaig_of_Menstrie","Sir Gillespic Campbell 1st Lord Of Menstrie 9th Knight Of Lochow","1199 - 1280","UK:Great Britain"
22080276,"GN7C-QXL","Q1216304","https://en.wikipedia.org/wiki/Donnchadh_of_Argyll","Donnchadh Macdubhghaill King of the Isles, Second Lord of Dunollie and of Lorn","1177 - 1245","UK:Great Britain"
22081192,"LZNJ-1K6","Q23967084","https://en.wikipedia.org/wiki/William_de_Hastings","William de Hastings","1165 - 1226","UK:Great Britain"
22182432,"LWF2-V9P","Q203829","https://en.wikipedia.org/wiki/Charles_I_of_Anjou","Charles I d'Anjou Roi de Naples et de Sicile","1227 - 1285","France"
22223980,"LBK6-46F","Q7287220","https://en.wikipedia.org/wiki/Ralph_Basset_(died_1265)","Ralph de Bassett 4th Lord of Drayton and Colston","1215 - 1265","UK:Great Britain"
22616457,"L8TT-XFX","Q2081231","https://en.wikipedia.org/wiki/Constance_of_Portugal","Constança de Portugal, Rainha de Castela","1335 - Unknown","Spain"
23072842,"9H8D-NKZ","Q2581181","https://en.wikipedia.org/wiki/William_d%27Aubigny,_3rd_Earl_of_Arundel","William V 'the Crusader' d'Aubigny","1173 - 1221","UK:Great Britain"
23073712,"LCYS-L2D","Q2745179","https://en.wikipedia.org/wiki/Ednyfed_Fychan","Ednyfed Fychan ap Cynwrig of Dules","1150 - 1246","UK:Wales:Anglesey"
23074171,"MF7F-HQF","Q231788","https://en.wikipedia.org/wiki/Isabella_of_Angoul%C3%AAme","Isabelle d'Angoulême Queen of England","1187 - 1246","France"
23074184,"LYSV-ZS3","Q17270022","https://en.wikipedia.org/wiki/Henry_Audley","Henry De Audley","1175 - 1246","UK:Great Britain"
23074223,"LDWK-FM9","Q614258","https://en.wikipedia.org/wiki/Mary_of_Hungary,_Queen_of_Naples","Árpád-házi Mária Reine de Naples","1257 - 1323","Hungary"
25178112,"MJFP-PY2","Q4302750","https://en.wikipedia.org/wiki/Maurice_FitzGerald,_Lord_of_Llanstephan","Lord of Lanstephan Maurice FitzGerald De Whyte XVIIII","1105 - 1177","UK:Great Britain"
25178130,"2M5Y-3XL","Q28445424","https://en.wikipedia.org/wiki/Ralph_de_Somery_I","Ralph de Somery","1151 - 1211","UK:Great Britain"
25178132,"LBYQ-Z26","Q129308","https://en.wikipedia.org/wiki/John,_King_of_England","John King of England","1166 - 1216","UK:Great Britain"
25178138,"9HGQ-P4L","Q1634625","https://en.wikipedia.org/wiki/Hugh_of_Cyfeiliog,_5th_Earl_of_Chester","Hugh of Cyfeiliog 5th Earl of Chester","1147 - 1181","UK:Great Britain"
25178146,"G78V-GDQ","Q6810095","https://en.wikipedia.org/wiki/Meiler_Fitzhenry","Meiler FitzHenry Justiciar of Ireland","1128 - 1220","UK:Great Britain"
25178204,"L8W6-C4W","Q316115","https://en.wikipedia.org/wiki/Alfonso_IX_of_Le%C3%B3n","Alfonso De León IX","1171 - 1230","Spain"
25178205,"9CZS-WBY","Q232323","https://en.wikipedia.org/wiki/Berengaria_of_Castile","Berenguela de Castilla Reina de Castilla si reina consorte de León","1180 - 1246","Spain"
25178333,"L8WB-7J3","Q2262964","https://en.wikipedia.org/wiki/Yolande_of_Brittany","Yolande of Brittany","1218 - 1272","France"
25297843,"G3PZ-3XJ","Q5546843","https://en.wikipedia.org/wiki/Euphemia_of_Kuyavia","Princess Eufemia of Kujavia","1267 - 1308","Poland"
25326233,"9CW3-3SK","Q150872","https://en.wikipedia.org/wiki/Empress_Matilda","Matilda of England Holy Roman Empress","1102 - 1167","UK:Great Britain"
25709718,"M9QT-TX4","Q28648770","https://en.wikipedia.org/wiki/Roger_de_Somery_II","Sir Roger IV de Somery Baron of Dudley","1194 - 1273","UK:Great Britain"
25821464,"9CS6-TP3","Q3008718","https://en.wikipedia.org/wiki/Cynan_ab_Iago","King Cynan ab Iago of Gwynedd","1014 - 1075","UK:Wales:Anglesey"
27844632,"M4P4-DSW","Q7347363","https://en.wikipedia.org/wiki/Robert_Marmion,_3rd_Baron_Marmion_of_Tamworth","Robert Marmion 3rd","1153 - 1218","UK:Great Britain"
29675964,"MHCC-ZNJ","Q7528167","https://en.wikipedia.org/wiki/Sir_John_de_Grey","John De Grey Sheriff of Nottingham and Derby","1205 - 1266","UK:Great Britain"
31315377,"LBHH-4MZ","Q2594715","https://en.wikipedia.org/wiki/Hawise,_Duchess_of_Brittany","Hawise de Rennes Duchess of Brittany","1100 - 1190","France"
31315390,"LBGV-7WG","Q348911","https://en.wikipedia.org/wiki/William_Marshal,_1st_Earl_of_Pembroke","William Marshal Earl of Pembroke","1146 - 1219","UK:Great Britain"
31315391,"K451-575","Q783126","https://en.wikipedia.org/wiki/Isabel_de_Clare,_4th_Countess_of_Pembroke","Isabel de Clare Countess of Pembroke","1172 - 1220","UK:Great Britain"
31527534,"LZFP-F9Q","Q369651","https://en.wikipedia.org/wiki/Llywelyn_ap_Gruffudd","Llywelyn ap Gruffydd Prince of North Wales","1223 - 1282","UK:Great Britain"
44105800,"LHWP-6YX","Q346","https://en.wikipedia.org/wiki/Louis_IX_of_France","St. Louis IX roi de France","1214 - 1270","France"
44155712,"LDM5-F3S","Q1781786","https://en.wikipedia.org/wiki/Somerled","Somerled MacGillebride King of the Northern Isles","1113 - 1164",NA
44155713,"L8YY-CVK","Q61314346","https://en.wikipedia.org/wiki/Ragnhildis_Olafsdottir","Ragnhilda (Olafsdatter) Olafsdottir","1117 - 1200","Isle of Man"
44156186,"KZJK-YSV","Q2670614","https://en.wikipedia.org/wiki/Madog_ap_Maredudd","King Madog of Powys","1091 - 1160","UK:Great Britain"
44160552,"LVDJ-KSK","Q3041014","https://en.wikipedia.org/wiki/Dubgall_mac_Somairle","Dubgall Mac Somairle King of the Isles","1143 - 1207",NA
44162386,"KHH7-5JH","Q3438704","https://en.wikipedia.org/wiki/Roger_Bigod,_2nd_Earl_of_Norfolk","Roger Bigod 3rd Earl of Norfolk and Suffolk","1144 - 1220","UK:Great Britain"
44162389,"LZ84-SKX","Q2536999","https://en.wikipedia.org/wiki/Ada_de_Warenne","Ada de Warenne","1120 - 1178","UK:Great Britain"
44365018,"L8YY-5PB","Q312594","https://en.wikipedia.org/wiki/William_the_Lion","William 'The Lion' King of Scotland","1143 - 1214","UK:Great Britain"
45232915,"LZKG-6VS","Q235857","https://en.wikipedia.org/wiki/Elizabeth_of_Portugal","Santa Isabel de Aragão","1271 - 1336","Spain"
45232918,"LD7M-FNW","Q312110","https://en.wikipedia.org/wiki/Sancho_IV_of_Castile","Sancho IV el Bravo, rey de Castilla y León El valiente, El Feroz","1258 - 1295","Spain"
46145684,"L8MB-PR8","Q1311712","https://en.wikipedia.org/wiki/William_d%27Aubigny,_2nd_Earl_of_Arundel","William d'Aubigny 2nd Earl of Arundel","1138 - 1193","UK:Great Britain"
46145987,"LDMG-1WC","Q450826","https://en.wikipedia.org/wiki/Gwenllian_ferch_Gruffydd","Gwenllian ferch Gruffydd","1100 - 1136","UK:Great Britain"
46147356,"9CS2-22H","Q462997","https://en.wikipedia.org/wiki/Robert,_1st_Earl_of_Gloucester","Robert FitzRoy Earl of Gloucester","1090 - 1147","France"
46147426,"LBHH-2Q5","Q741855","https://en.wikipedia.org/wiki/Rhys_ap_Gruffydd","Rhys ap Gruffydd Prince of South Wales","1123 - 1197","UK:Great Britain"
46148337,"9HNL-VTQ","Q516503","https://en.wikipedia.org/wiki/Isabel_de_Warenne,_Countess_of_Surrey","Isabella de Warenne Countess of Surrey","1260 - 1295","UK:Great Britain"
46148342,"MRMP-3HL","Q277612","https://en.wikipedia.org/wiki/Aymer,_Count_of_Angoul%C3%AAme","Aymer Taillefer Count of Angoulême","1160 - 1202","France"
46148426,"9QQS-VJV","Q212052","https://en.wikipedia.org/wiki/James_I_of_Aragon","King Jacme de Aragón I","1208 - 1276","France"
46148427,"LBNJ-CWP","Q51779","https://en.wikipedia.org/wiki/Violant_of_Hungary","Reina de Aragón Árpád-házi Jolán","1213 - 1251","Hungary"
46148433,"LBYY-GYZ","Q467014","https://en.wikipedia.org/wiki/Margaret_II,_Countess_of_Flanders","Marguerite de Constantinopel-Flandre","1202 - 1280","France"
46148822,"9CXX-R3M","Q237889","https://en.wikipedia.org/wiki/Alexander_II_of_Scotland","Alexander II, King of Scots","1198 - 1249","UK:Great Britain"
46533004,"LKF5-3N5","Q2066259","https://en.wikipedia.org/wiki/William_II_of_Dampierre","Guillaume de Dampierre II","1196 - 1231","France"
50356225,"L66G-XS3","Q449000","https://en.wikipedia.org/wiki/Nest_ferch_Rhys","Nesta ferch Rhys","1085 - 1136","UK:Great Britain"
50356265,"9C8T-V1R","Q178525","https://en.wikipedia.org/wiki/Eleanor_of_Aquitaine","Aliénor d'Aquitaine Reine de France puis Reine d'Angleterre","1122 - 1204","France"
50356405,"LZ1V-VWM","Q2375130","https://en.wikipedia.org/wiki/Garsenda,_Countess_of_Forcalquier","Garsende de Sabran comtesse de Forcalquier","1180 - 1242","France"
50356407,"LBP9-Y7L","Q2359709","https://en.wikipedia.org/wiki/Margaret_of_Geneva","Marguerite de Genève","1180 - 1257","Switzerland"
50356408,"KNZL-TD2","Q316768","https://en.wikipedia.org/wiki/Ferdinand_II_of_Le%C3%B3n","Ferdinand II De León","1137 - 1188","Spain"
50356410,"LZ1V-VZ8","Q295268","https://en.wikipedia.org/wiki/Alfonso_VIII_of_Castile","Rey Alfonso VIII de Castilla","1155 - 1214","Spain"
50356411,"LZ1V-V82","Q232144","https://en.wikipedia.org/wiki/Eleanor_of_England,_Queen_of_Castile","Eleanor of England Queen of Castile","1160 - 1214","France"
50356452,"LVPJ-ZDR","Q1634638","https://en.wikipedia.org/wiki/Hugh_de_Lacy,_Lord_of_Meath","Hugh de Lacy Lord of Meath","Unknown - 1186","UK:Great Britain"
50356454,"9HTG-9V9","Q3779058","https://en.wikipedia.org/wiki/William_de_Braose,_4th_Lord_of_Bramber","William de Braose","1153 - 1211","UK:Great Britain"
50356455,"99KP-CPN","Q942269","https://en.wikipedia.org/wiki/Maud_de_Braose","Maud de St Valéry Lady of Bramber","1155 - 1210","France"
50595474,"LD7M-NZ3","Q130221","https://en.wikipedia.org/wiki/Frederick_II,_Holy_Roman_Emperor","Frederick II Holy Roman Emperor","1194 - 1250","Italy"
50595498,"LZZ9-V1D","Q164889","https://en.wikipedia.org/wiki/Manfred,_King_of_Sicily","Re di Sicilia Manfredo von Hohenstaufen","1232 - 1266","Italy:Sicily"
50595556,"L879-K4S","Q150320","https://en.wikipedia.org/wiki/Ottokar_II_of_Bohemia","Przemysl Otakar II King Of Bohmen","1232 - 1278","Czech Republic"
50652464,"LBBZ-8DB","Q312904","https://en.wikipedia.org/wiki/Fulk,_King_of_Jerusalem","Foulques V d'Anjou Roi de Jérusalem","1089 - 1143","France"
50652466,"9CS3-646","Q101384","https://en.wikipedia.org/wiki/Henry_I_of_England","Henry I King of England","1068 - 1135","UK:Great Britain"
50652467,"LY6J-G8R","Q232761","https://en.wikipedia.org/wiki/Matilda_of_Scotland","Edith of Scotland Queen Matilda of England","1079 - 1118","UK:Great Britain"
50652474,"KP3V-8XM","Q1394358","https://en.wikipedia.org/wiki/William_III,_Count_of_Ponthieu","Guillaume III Talvas","1088 - 1171","France"
51642928,"LD3L-3N3","Q32735","https://en.wikipedia.org/wiki/Iago_ab_Idwal_ap_Meurig","Iago ab Idwal ap Meurig of Gwynedd King of the Britons","0975 - 1039","UK:Wales:Anglesey"
51642930,"LHRM-ST7","Q3008316","https://en.wikipedia.org/wiki/%C3%93l%C3%A1fr_Gu%C3%B0r%C3%B8%C3%B0arson_(died_1153)","King Of Man And The Isles Óláfr Guðrøðarson The Dwarf, Bitling ,The Red","1080 - 1153","Isle of Man"
55577690,"LZK9-SK6","Q82457","https://en.wikipedia.org/wiki/William_Wallace","Sir William Wallace Guardian of Scotland","1270 - 1305","UK:Great Britain"
55632798,"GS12-9H5","Q11710251","https://en.wikipedia.org/wiki/Hugh_Bigod_(Justiciar)","Hugh Bigod Chief Justice of England","1212 - Unknown","UK:Great Britain"
61587498,"LHGS-WCF","Q2053636","https://en.wikipedia.org/wiki/Ranulf_de_Glanvill","Ranulph de Glanville Chief Justiciar of England","1120 - 1191","UK:Great Britain"
62630754,"L2QK-S7H","Q453613","https://en.wikipedia.org/wiki/Alan_IV,_Duke_of_Brittany","Alain IV de Bretagne Duc de Bretagne","1063 - 1119","France"
78730241,"LD91-PX3","Q3182333","https://en.wikipedia.org/wiki/Margaret_of_Huntingdon,_Duchess_of_Brittany","Margaret of Huntingdon Countess of Hereford","1145 - 1201","UK:Great Britain"
85222608,"LBKB-H6F","Q593455","https://en.wikipedia.org/wiki/Walter_fitz_Alan","Walter Fitz Alan 1st High Steward of Scotland","1106 - 1177","UK:Great Britain"
88321150,"LB35-9QD","Q7308926","https://en.wikipedia.org/wiki/Reginald_de_Warenne","Reginald de Warenne","1113 - 1179","France"
88321456,"KCBT-5QY","Q711649","https://en.wikipedia.org/wiki/Fergus_of_Galloway","Fergus of Galloway","1080 - 1161","UK:Great Britain"
88324776,"L8WY-WD4","Q216787","https://en.wikipedia.org/wiki/David_I_of_Scotland","David I King of Scots","1080 - 1153","UK:Great Britain"
88324778,"L8MB-C1W","Q1939105","https://en.wikipedia.org/wiki/William_de_Warenne,_2nd_Earl_of_Surrey","William de Warenne II","1081 - 1138","UK:Great Britain"
88324779,"MXWH-HJ8","Q204351","https://en.wikipedia.org/wiki/Elizabeth_of_Vermandois,_Countess_of_Leicester","Elizabeth Isabelle Capet Comtesse of Vermandois","1081 - 1131","France"
88729728,"9MXD-4XQ","Q34428","https://en.wikipedia.org/wiki/Philip_II_of_France","Philippe Auguste II,  roi de France","1165 - 1223","France"
90465836,"93MZ-1FQ","Q47595","https://en.wikipedia.org/wiki/Alfonso_X_of_Castile","Rey Alfonso X de Castilla y León","1221 - 1284","Spain"
92278190,"LZD6-P9H","Q121130","https://en.wikipedia.org/wiki/Philip_of_Swabia","Philipp von Schwaben römisch-deutscher König","1178 - 1208","Italy"
92291368,"L8MB-PBW","Q717276","https://en.wikipedia.org/wiki/William_d%27Aubigny,_1st_Earl_of_Arundel","William d'Aubigny 1st Earl of Arundel","1099 - 1176","France"
92291369,"L8MB-PBB","Q236994","https://en.wikipedia.org/wiki/Adeliza_of_Louvain","Adeliza de Louvain","1103 - 1151","Belgium"
92296854,"KNQB-K22","Q271104","https://en.wikipedia.org/wiki/Andrew_II_of_Hungary","Árpád-házi András II Magyar király","1176 - 1235","Slovakia"
92296867,"L81M-75Y","Q466283","https://en.wikipedia.org/wiki/Marie_of_Champagne","Marie de Champagne Queen of Constantinople","1174 - 1204","France"
92296892,"LD39-RTT","Q152370","https://en.wikipedia.org/wiki/B%C3%A9la_IV_of_Hungary","Árpád-házi IV. Béla Magyar Király","1206 - 1270","Hungary"
92297645,"GKCN-JYS","Q2569718","https://en.wikipedia.org/wiki/Ermengarde_de_Beaumont","Ermengarde de Beaumont Queen of Scotland","1170 - 1233","France"
100712548,"9HVG-3HS","Q998314","https://en.wikipedia.org/wiki/Philip_de_Braose","Philip de Braose","1073 - 1134","UK:Great Britain"
100712550,"9CX7-S59","Q3314094","https://en.wikipedia.org/wiki/Miles_of_Gloucester,_1st_Earl_of_Hereford","Miles Fitzwalter Of Gloucester 1st Earl Of Hereford","1082 - 1143","UK:Great Britain"
100712809,"KFLP-MFB","Q296003","https://en.wikipedia.org/wiki/Sancha_of_Castile,_Queen_of_Aragon","Sancha De Castilla y Leon Queen of Aragón","1154 - 1208","Spain"
100712812,"99K2-81M","Q664561","https://en.wikipedia.org/wiki/Humbert_III,_Count_of_Savoy","Humbert III de Savoie","1136 - 1189","Italy"
100712816,"LDSM-QML","Q312767","https://en.wikipedia.org/wiki/Alfonso_VII_of_Le%C3%B3n_and_Castile","Alfonso Raimundez VII Rey de Castilla y León","1105 - 1157","Spain"
100712820,"M1JV-6Z9","Q315076","https://en.wikipedia.org/wiki/Sancho_III_of_Castile","Rey Sancho III de Castilla","1134 - 1158","Spain"
100712821,"LZ1V-V5P","Q220444","https://en.wikipedia.org/wiki/Blanca_of_Navarre,_Queen_of_Castile","Blanca de Navarra","1133 - 1156","Spain"
100712948,"MBMH-FJ9","Q165883","https://en.wikipedia.org/wiki/Louis_VI_of_France","Louis VI 'le Gros' roi des Francs","1081 - 1137","France"
100713341,"9C4Q-K8M","Q6078295","https://en.wikipedia.org/wiki/Isabelle_de_Meulan","Isabelle de Meulan Dame de Mayenne","1140 - 1220","France"
101304929,"LDSM-QN8","Q242601","https://en.wikipedia.org/wiki/Bertrade_of_Montfort","Berthe de Montfort","1070 - 1117","France"
101304932,"9H17-VTZ","Q37594","https://en.wikipedia.org/wiki/William_the_Conqueror","William I 'the Conqueror' King of England","1028 - 1087","France"
101304933,"LY57-55F","Q391944","https://en.wikipedia.org/wiki/Matilda_of_Flanders","Mathilde of Flanders Queen Consort of England","1031 - 1083","France"
101304934,"KN4J-P1M","Q68508","https://en.wikipedia.org/wiki/Malcolm_III_of_Scotland","Malcolm III King of Scotland","1031 - 1093","UK:Great Britain"
101304935,"L8M6-YW7","Q230507","https://en.wikipedia.org/wiki/Saint_Margaret_of_Scotland","St Margaret of Wessex, Queen of Scotland","1045 - 1093","Hungary"
103285082,"L134-D1P","Q422205","https://en.wikipedia.org/wiki/Hywel_Dda","Hywel Dda ap Cadell King of the Britons","0880 - 0950","UK:Great Britain"
103285860,"LBXP-QNT","Q2718796","https://en.wikipedia.org/wiki/Godred_Crovan","Godred ""Crovan"" Haraldsson  King of the Isle of Man and of Dublin","1040 - 1095","UK:Great Britain"
109974282,"M1YP-2MC","Q1363727","https://en.wikipedia.org/wiki/Reginald_de_Dunstanville,_Earl_of_Cornwall","Reginald de Dunstanville Earl of Cornwall","1099 - 1175","France"
123174964,"L1RC-7P1","Q5645929","https://en.wikipedia.org/wiki/Hamon_de_Massey","Hamon I de Massey 1st Baron of Dunham","1056 - 1118","France"
170442904,"9H8X-35Q","Q5142052","https://en.wikipedia.org/wiki/Colb%C3%A1n,_Earl_of_Buchan","Colban Mormaer of Buchan","1120 - 1180","UK:Great Britain"
172118656,"GFKT-2DQ","Q5576822","https://en.wikipedia.org/wiki/Godric_the_Sheriff","Godric The Saxon","1035 - 1066","UK:Great Britain"
176642832,"G96M-2XD","Q7191067","https://en.wikipedia.org/wiki/Picot_of_Cambridge","Picot de Lascelles, I, High Sheriff of Cambridgeshire","1022 - 1092","France"
176649554,"LDSS-ZMW","Q940404","https://en.wikipedia.org/wiki/Waltheof,_Earl_of_Northumbria","Waltheof II Earl of Northumbria","1046 - 1076","UK:Great Britain"
176649556,"LDSS-ZCS","Q1687299","https://en.wikipedia.org/wiki/William_de_Warenne,_1st_Earl_of_Surrey","William de Warenne 1st Earl of Surrey","1035 - 1088","France"
177791840,"9CMV-1BV","Q7324003","https://en.wikipedia.org/wiki/Richard_Basset","Richard Basset Chief Justice of England","1091 - Unknown","UK:Great Britain"
180931656,"LD7M-N3W","Q296463","https://en.wikipedia.org/wiki/Afonso_II_of_Portugal","Afonso II 'O Gordo' Sanches 3rd King of Portugal","1185 - 1223","Portugal"
181088590,"L8WY-WYP","Q79789","https://en.wikipedia.org/wiki/Frederick_Barbarossa","Friedrich I. 'Barbarossa' römisch-deutscher Kaiser","1122 - 1190","France"
184556381,"LCXX-8VZ","Q234219","https://en.wikipedia.org/wiki/Beatrice_I,_Countess_of_Burgundy","Béatrice Ire de Bourgogne","1143 - 1184","France"
184593708,"KN7K-Y5L","Q86978","https://en.wikipedia.org/wiki/B%C3%A9la_III_of_Hungary","Árpád-házi Béla III. Magyar király","1148 - 1196","Hungary"
184596160,"LW1M-5VG","Q8020751","https://en.wikipedia.org/wiki/William_de_Beauchamp_(of_Elmley)","Lord William De Beauchamp 1st Baron Beauchamp","1105 - 1170","UK:Great Britain"
201425088,"LTWR-DQ6","Q3132264","https://en.wikipedia.org/wiki/Henry_de_Ferrers","Henry de Ferrières Sire de Ferrieres and Chambrais - Domesday","1036 - 1088","France"
201425102,"K4LT-K4X","Q2394860","https://en.wikipedia.org/wiki/Bernard_de_Neufmarch%C3%A9","Bernard of Neufmarché","1050 - 1125","France"
201425624,"KFLJ-TW7","Q451940","https://en.wikipedia.org/wiki/Amadeus_III,_Count_of_Savoy","Amédée de Savoie III","1095 - 1148","France"
201425632,"LDSM-WYF","Q562630","https://en.wikipedia.org/wiki/Raymond_of_Burgundy","Raymond De Bourgogne Count of Galicia","1070 - 1107","France"
201425642,"L8T2-WFV","Q431172","https://en.wikipedia.org/wiki/Garc%C3%ADa_Ram%C3%ADrez_of_Navarre","García Ramírez King of Navarre","1099 - 1150","Spain"
201425896,"L8WB-MRH","Q58907","https://en.wikipedia.org/wiki/Philip_I_of_France","Philippe Ier roi des Francs","1052 - 1108","France"
202381402,"L7LP-X5X","Q1058544","https://en.wikipedia.org/wiki/Sancho_I_of_Portugal","Sancho I de Portugal 2nd Rei de Portugal","1154 - 1212","Portugal"
202381776,"K2T2-K2Q","Q319990","https://en.wikipedia.org/wiki/Ratislaus_the_Wise","Ratislaus ""the Wise"" King of the Rügen","1105 - 1141","Germany:Rugen"
202382086,"L13J-RCK","Q82686","https://en.wikipedia.org/wiki/B%C3%A9la_II_of_Hungary","Bela II King of Hungary","1108 - 1141","Hungary"
202382087,"LBNJ-3C7","Q267849","https://en.wikipedia.org/wiki/Helena_of_Serbia,_Queen_of_Hungary","Queen Jelena Vukanović Magyar királyné of Hungary","1115 - 1146","Serbia"
202609685,"2CNB-WKW","Q237886","https://en.wikipedia.org/wiki/Adela_of_Normandy","Adele de Normandie Comtesse de Blois","1062 - 1137","France"
202609857,"LZVR-GMG","Q263343","https://en.wikipedia.org/wiki/Ermengarde_of_Anjou,_Duchess_of_Burgundy","Ermengarde dite Blanche d'Anjou","1018 - 1076","France"
202609864,"LZGQ-LJX","Q41380","https://en.wikipedia.org/wiki/Robert_I,_Duke_of_Normandy","Robert Ier 'le Magnifique' duc de Normandie","1000 - 1035","France"
202609867,"LDHQ-P5F","Q353829","https://en.wikipedia.org/wiki/Adela_of_France","Adèle de France","1009 - 1079","France"
202609868,"K8D7-F5D","Q26326","https://en.wikipedia.org/wiki/Duncan_I_of_Scotland","Duncan I King of Scotland","1001 - 1040","UK:Great Britain"
202609870,"LDZ2-8G7","Q117647","https://en.wikipedia.org/wiki/Edward_the_Exile","Edward Ætheling the Exile","1016 - 1057","UK:Great Britain"
202609872,"LJB5-Z4Y","Q3419192","https://en.wikipedia.org/wiki/Raoul_III_of_Tosny","Raoul III de Tosny seigneur de Conches-en-Ouche","1027 - 1102","France"
202609906,"9H16-YMP","Q724235","https://en.wikipedia.org/wiki/Robert,_Count_of_Mortain","Robert de Conteville Count of Mortain","1031 - 1095","France"
206571722,"LVZ5-9LT","Q203647","https://en.wikipedia.org/wiki/Harald_Hardrada","Harald ""Hardråde"" Sigurdsson","1015 - 1066","Norway"
222387656,"LZND-WC8","Q979583","https://en.wikipedia.org/wiki/Richard_de_Redvers","Richard de Vernon Seigneur de Reviers","1066 - 1107","France"
250522720,"9MCW-H9P","Q1858519","https://en.wikipedia.org/wiki/Robert_de_Brus,_1st_Lord_of_Annandale","Sir Robert De Bruce 1st Lord of Annandale 1st Lord Skelton","1062 - 1141","France"
266649626,"LRZY-DS4","Q335457","https://en.wikipedia.org/wiki/Thomas_Howard,_1st_Earl_of_Suffolk","Thomas Howard Earl of Suffolk","1561 - 1626","UK:Great Britain"
314835025,"L83J-7KR","Q3356544","https://en.wikipedia.org/wiki/Tora_Torbergsdatter","Queen Thora Torbergsdotter (Amung) of Giske","1026 - 1066","Norway"
337410055,"LYF2-L38","Q3112191","https://en.wikipedia.org/wiki/Helena_(wife_of_Inge_the_Elder)","Helena, Queen of Sweden","1065 - 1140","Sweden"
340791554,"KH5Y-4QF","Q2535512","https://en.wikipedia.org/wiki/Robert_de_Brus,_2nd_Lord_of_Annandale","Sir Robert De Bruce 2nd Lord of Annandale","1096 - 1143","UK:Great Britain"
340889246,"LBVH-D6P","Q60849","https://en.wikipedia.org/wiki/Stephen,_King_of_England","Étienne de Blois roi d'Angleterre","1095 - 1154","France"
344239172,"LB23-61T","Q7351436","https://en.wikipedia.org/wiki/Robert_de_Stafford","Robert de Tosny de Stafford","1030 - 1088","UK:Great Britain"
344358914,"99SW-LH6","Q7966533","https://en.wikipedia.org/wiki/Walter_of_Gloucester","Walter FitzRoger","1065 - 1129","UK:Great Britain"
353161744,"9WCC-6W1","Q2810983","https://en.wikipedia.org/wiki/Robert_fitz_Martin","Robert fitz Martin","1080 - 1159",NA
353249616,"LVKC-K29","Q60843","https://en.wikipedia.org/wiki/Alexander_I_of_Scotland","King Alexander I King Of Scotland The Fierce Caenmore","1077 - 1124","UK:Great Britain"
353284354,"9SZ7-ST1","Q117633","https://en.wikipedia.org/wiki/Lulach","Lulach of Scotland “The Fool” MacRory 1st King of Scotland, Prince of Moray","Unknown - 1058","UK:Great Britain"
353299116,"LDW5-66P","Q178908","https://en.wikipedia.org/wiki/Henry_I_of_France","Henri Ier roi des Francs","1008 - 1060","France"
353299117,"LDW5-623","Q230073","https://en.wikipedia.org/wiki/Anne_of_Kiev","Anna Iaroslavna of Kiev Reine de France","1024 - 1094","Ukraine"
353299118,"KCXK-S69","Q288034","https://en.wikipedia.org/wiki/Herbert_IV,_Count_of_Vermandois","Herbert IV de Vermandois","1032 - 1080","France"
369178862,"L1R3-QH7","Q1379052","https://en.wikipedia.org/wiki/William_I_Talvas","Guillaume II Talvas","0995 - 1050","France"
369187418,"KNHF-4F4","Q316831","https://en.wikipedia.org/wiki/Raynald_of_Ch%C3%A2tillon","Renaud I de Châtillon Prince d’Antioche","1125 - 1187","France"
369187576,"G4FX-YRJ","Q2995122","https://en.wikipedia.org/wiki/K%C3%B6ten","Kotian Khan of the Kumans","1155 - 1240","Russia"
369337121,"G2XP-662","Q234805","https://en.wikipedia.org/wiki/B%C3%B6rte","Great Empress Börte Üjin Khatun of the Mongols","1162 - 1230","Mongolia"
369337318,"LCPG-8Q9","Q41628","https://en.wikipedia.org/wiki/John_II_Komnenos","Komnēnos-házi II.Iōannēs Bizánci császár","1087 - 1143","Turkey:North"
372268547,"GKY8-XCD","Q235418","https://en.wikipedia.org/wiki/Joan_of_England,_Queen_of_Sicily","Joan of England Queen of Sicily","1165 - 1199","France"
402850050,"9HV2-NRT","Q246812","https://en.wikipedia.org/wiki/Sweyn_II_of_Denmark","King Svend II Estridsen of Denmark","1019 - 1076",NA
402851235,"LHK3-V3V","Q422315","https://en.wikipedia.org/wiki/Agnes_of_Aquitaine,_wife_of_Ramiro_II_of_Aragon","Agnes of Aquitaine, wife of Ramiro II of Aragon, Queen consort of Aragon House of Poitiers","1100 - 1159","France"
402851264,"998F-RYD","Q519641","https://en.wikipedia.org/wiki/William_I,_Count_of_Burgundy","Guillaume Ier duc de Bourgogne","1020 - 1087","France"
402851266,"L8T2-WP2","Q235080","https://en.wikipedia.org/wiki/Alfonso_VI_of_Le%C3%B3n_and_Castile","Alfonso VI de Galicia Rey de Castilla y Leon","1040 - 1109","Spain"
404762832,"LD13-Q7V","Q149674","https://en.wikipedia.org/wiki/Niklot","Niklot of the Obotrites","1090 - 1160",NA
404764172,"933H-W94","Q250731","https://en.wikipedia.org/wiki/Prince_%C3%81lmos","Árpád-házi Álmos Magyar herceg","1068 - 1127","Hungary"
405219382,"LBTD-DM3","Q333346","https://en.wikipedia.org/wiki/Robert_I,_Count_of_Flanders","Robert Ier comte de Flandre","1035 - 1093","France"
405219729,"LDS9-GGV","Q2733546","https://en.wikipedia.org/wiki/Judith_of_Brittany","Judith de Bretagne duchesse consort de Normandie","0982 - 1017","France"
405219734,"LD9R-RB7","Q178918","https://en.wikipedia.org/wiki/Robert_II_of_France","Robert II le Pieux roi de France","0972 - 1031","France"
405219740,"KNXX-WBQ","Q188684","https://en.wikipedia.org/wiki/Edmund_Ironside","Edmund Ironside King of England II","0988 - 1016","UK:Great Britain"
405219742,"LDMT-HMZ","Q188943","https://en.wikipedia.org/wiki/Yaroslav_the_Wise","Yaroslav Volodymyrovich ""The Wise"" Grand Prince of Kyiv and Novgorod","0978 - 1054","Ukraine"
405219743,"LD91-ST3","Q2332287","https://en.wikipedia.org/wiki/Ingegerd_Olofsdotter_of_Sweden","Anna Ingegred Olofsdotter av Sverige Grand Princess of Kyiv","1001 - 1050","Sweden"
413140328,"LDQ1-TMR","Q470862","https://en.wikipedia.org/wiki/Rhodri_Mawr","King Rhodri ap Merfyn Frych of Wales and the Britons","0820 - 0878","UK:Great Britain"
413143445,"LDSS-LKR","Q2543933","https://en.wikipedia.org/wiki/%C3%85sta_Gudbrandsdatter","Åsta Astrid Gudbrandsdatter of Uplands, Queen of Norway","0970 - 1020","Norway"
413143498,"GQMG-Y4W","Q7114254","https://en.wikipedia.org/wiki/Owain_ap_Hywel_(Glywysing)","King Ynyr ab Owain of Gwent","0890 - 0935","UK:Great Britain"
413143512,"GGWF-6J3","Q6524419","https://en.wikipedia.org/wiki/Leofwine,_Ealdorman_of_the_Hwicce","Leofwine Ealdorman of the Hwicce","Unknown - 1023",NA
439353778,"LB5R-TH8","Q41381","https://en.wikipedia.org/wiki/Richard_III,_Duke_of_Normandy","Richard III duc de Normandie","1001 - 1027","France"
445514123,"MWBC-XS5","Q3139023","https://en.wikipedia.org/wiki/Hodierna_of_Gometz","Hodierna de Gometz-La-Ferte","1004 - 1074","France"
448272187,"GWSZ-G12","Q64231","https://en.wikipedia.org/wiki/Adelaide_of_Meissen","Adelheid von Meissen Queen of Bohemia","1160 - 1211","Germany"
471384615,"LB23-RVZ","Q275998","https://en.wikipedia.org/wiki/Adelaide_of_Susa","Adelaide di Susa","1014 - 1091","Italy"
471384622,"LDSV-P4D","Q152256","https://en.wikipedia.org/wiki/Conrad_II,_Holy_Roman_Emperor","HRE Konrad II, Römisch-Deutscher Kaiser","0990 - 1039","Germany"
477889024,"LZJH-C1Z","Q244403","https://en.wikipedia.org/wiki/Macbeth,_King_of_Scotland","Mac Bethad Mac Findláich King Of Scotland","1005 - 1057","UK:Great Britain"
492683265,"GGDM-LG1","Q272111","https://en.wikipedia.org/wiki/Elvira_of_Castile,_Queen_of_Sicily","Elvira de Castile Queen of Sicily","1100 - 1135","Spain"
533299248,"LVFM-L6F","Q354309","https://en.wikipedia.org/wiki/William_Cecil,_1st_Baron_Burghley","Sir William Cecil","1520 - 1598","UK:Great Britain"
688478356,"999Y-LF2","Q159597","https://en.wikipedia.org/wiki/Harold_Godwinson","King Harold II of England","1020 - 1066","UK:Great Britain"
706568709,"9HYH-BLK","Q272390","https://en.wikipedia.org/wiki/Gruoch","Lady Gruoch mi Boedhe Queen of Scots","1013 - 1057","UK:Great Britain"
738225533,"L5JX-B7B","Q179284","https://en.wikipedia.org/wiki/Anna_Komnene","Princesa Bizantina Ana Comneno Doukaina","1083 - 1153","Turkey:North"
738357724,"LD9R-5PH","Q2435462","https://en.wikipedia.org/wiki/William_of_Bell%C3%AAme","Guillaume I de Bellême","0970 - 1028","France"
738674638,"GQ1X-99J","Q26486","https://en.wikipedia.org/wiki/Ladislaus_I_of_Hungary","Árpád-házi I.Szent László Magyar király","1046 - 1095","Poland"
744523620,"L1HP-N3L","Q3180366","https://en.wikipedia.org/wiki/Lope_D%C3%ADaz_I_de_Haro","Lope Díaz I de Haro","1107 - 1170","Spain"
805702468,"9HLX-GWL","Q545470","https://en.wikipedia.org/wiki/Garc%C3%ADa_Ord%C3%B3%C3%B1ez","Conde Caballero Garcia Ordoñez de Aza Y de Nájera","1050 - 1108","Spain"
805702538,"MSZC-Z12","Q203792","https://en.wikipedia.org/wiki/Robert_Guiscard","Roberto ""Giscardo"" de Hauteville","1015 - 1085","France"
809528326,"LBLP-Q79","Q311351","https://en.wikipedia.org/wiki/B%C3%A9la_I_of_Hungary","King Béla I Árpád-házi of Hungary","1016 - 1063","Austria"
809532374,"L193-QYW","Q298298","https://en.wikipedia.org/wiki/G%C3%A9za,_Grand_Prince_of_the_Hungarians","Géza Grand Prince of the Hungarians","0945 - 0997","Slovakia"
810439428,"9QZD-J5R","Q712580","https://en.wikipedia.org/wiki/Geoffrey_I,_Count_of_Anjou","Geoffroy Ier 'Grisegonelle' comte d'Anjou","0938 - 0987","France"
810439458,"LZGK-GZB","Q456955","https://en.wikipedia.org/wiki/Conan_I_of_Rennes","Conan Ier de Rennes duc de Bretagne","0944 - 0992","France"
810439462,"LZ19-924","Q332136","https://en.wikipedia.org/wiki/Malcolm_II_of_Scotland","King Malcolm II of Scotland","0958 - 1034","UK:Great Britain"
810439468,"LD9R-RYR","Q159575","https://en.wikipedia.org/wiki/Hugh_Capet","Hugues Capet roi des Francs","0941 - 0996","France"
810439480,"LHPZ-9WQ","Q183499","https://en.wikipedia.org/wiki/%C3%86thelred_the_Unready","Æthelred 'the Unready' King of England","0968 - 1016","UK:Great Britain"
810439484,"L8BY-3VJ","Q14974","https://en.wikipedia.org/wiki/Vladimir_the_Great","Volodymyr I  the Great Volodymr Svyatoslavich Prince of Novgorod Grand Prince of Kiev","0960 - 1015","Ukraine"
826280656,"L172-TT3","Q886414","https://en.wikipedia.org/wiki/Merfyn_Frych","Merfyn ""Frych the Freckled"" ap Gwriad","0795 - 0844","UK:Great Britain"
889550618,"9S9P-HNZ","Q811187","https://en.wikipedia.org/wiki/Baldwin_FitzGilbert","Baldwin FitzGilbert de Meules , Visc of Devon","1039 - 1091","France"
942769230,"2Z98-QKN","Q2161868","https://en.wikipedia.org/wiki/Ulric_Manfred_II_of_Turin","Olderico Manfredi II marchese di Torino e Susa","0978 - 1034","Switzerland"
1476715448,"L187-NYR","Q4195447","https://en.wikipedia.org/wiki/Yves_de_Creil","Ives de Creil","0940 - 0997","France"
1476749662,"L1N6-1SG","Q333884","https://en.wikipedia.org/wiki/Bohemond_II_of_Antioch","Bohemond II de Hauteville Prince of Antioch","1107 - 1131","Turkey"
1489047270,"L24D-QGB","Q2874964","https://en.wikipedia.org/wiki/Aimery_II_of_Narbonne","Aimery II de Narbonne Vicomte de Narbonne","1083 - 1134","France"
1611406400,"LD9P-Q15","Q272498","https://en.wikipedia.org/wiki/Brian_Boru","Brian Bóruma Mac Cennétig High King of Ireland","0941 - 1014","Ireland"
1620878912,"9HRG-JDL","Q313017","https://en.wikipedia.org/wiki/William_Longsword","Guillaume 'Longue-Épée' Comte de Rouen","0893 - 0942","France"
1620878936,"LCRR-KM2","Q317933","https://en.wikipedia.org/wiki/Hugh_the_Great","Hugues 'le Grand' duc des Francs","0898 - 0956","France"
1885538883,"L8W6-443","Q40061","https://en.wikipedia.org/wiki/Emma_of_Normandy","Emma de Normandie","0985 - 1052","France"
2953430886,"LZXX-FT2","Q201041","https://en.wikipedia.org/wiki/Harald_Bluetooth","Harald Gormsen","0906 - 0987","France"
3241757824,"LZDH-NFR","Q273773","https://en.wikipedia.org/wiki/Rollo","Rollo de Normandie comte de Rouen","0860 - 0932","Norway"
3241757825,"LD9C-ZGZ","Q463626","https://en.wikipedia.org/wiki/Poppa_of_Bayeux","Poppa de Bayeux","0872 - 0930","France"
3241757922,"L8MB-ZF7","Q83476","https://en.wikipedia.org/wiki/Alfred_the_Great","Aelfred I or Ælfræd  ""the Great"" van Engeland van Wessex","0849 - 0899","UK:Great Britain"
5454231626,"LD91-95X","Q4171758","https://en.wikipedia.org/wiki/George,_son_of_Andrew_I_of_Hungary","Árpád-házi I. András Magyar király","1013 - 1060","Hungary"
6476258992,"GZH2-42J","Q210207","https://en.wikipedia.org/wiki/%C3%81rp%C3%A1d","Árpád Grand Prince Of The Hungarians","0845 - 0907","Hungary"
6483515416,"LHXT-LR1","Q1367604","https://en.wikipedia.org/wiki/Rognvald_Eysteinsson","Ragnvald 'de vise' Eysteinsson Jarl av Møre","0825 - 0894","Sweden"
6483515744,"L4SB-2FB","Q433440","https://en.wikipedia.org/wiki/Robert_the_Strong","Robert le Fort marquis de Neustrie comte de Tours et Anjou","0830 - 0866","France"
7883219011,"LVTL-YF9","Q106077","https://en.wikipedia.org/wiki/Lady_Godiva","Godiva or Godgifu","0980 - 1067","UK:Great Britain"
8016736567,"LQ5H-F6D","Q205359","https://en.wikipedia.org/wiki/Ermentrude_of_Orl%C3%A9ans","Ermentrude d'Orléans Reine des Francs","0823 - 0869","France"
12891251349,"GZB6-SZ9","Q22083954","https://en.wikipedia.org/wiki/Land_ingen_D%C3%BAngaile","Lann ingen Dúngaile - Queen of Ireland","0810 - 0890","UK:Great Britain"
12967031392,"99QT-S75","Q317457","https://en.wikipedia.org/wiki/Causant%C3%ADn_mac_Cin%C3%A1eda","King Constantin mac Cináeda","0836 - 0877","UK:Great Britain"
12967031444,"LDSH-HB3","Q919247","https://en.wikipedia.org/wiki/Eberhard_of_Friuli","Markgraf Eberhard von Friaoul","0810 - 0866","Germany"
16033473124,"LZT6-KB5","Q43974","https://en.wikipedia.org/wiki/Louis_the_Pious","Ludwig 'der Fromme' König der Franken Römischer Kaiser","0778 - 0840","France"
