"ascendency","id","gender","gen"
37120,"MRPB-TY3","Male",16
37121,"GJZN-G7G","Female",16
37122,"MN1B-LF6","Male",16
37123,"4F5V-K64","Female",16
37424,"L2JB-GJX","Male",16
37425,"9ZPJ-DPC","Female",16
37426,"MP49-JMH","Male",16
37427,"G8YS-CJ5","Female",16
37428,"L6ZQ-63B","Male",16
37429,"9C8Q-B3H","Female",16
37504,"MJ4N-2T1","Male",16
37506,"KCS6-X84","Male",16
37507,"M7BR-5F9","Female",16
38400,"GFDQ-SJM","Male",16
38401,"LY7S-75Y","Female",16
38404,"LVFP-279","Male",16
38432,"GXM6-3B8","Male",16
38433,"GKK3-QPR","Female",16
38436,"LZZK-844","Male",16
38437,"G65L-1GB","Female",16
38438,"GK7D-YVM","Male",16
38440,"GGNN-SKL","Male",16
38441,"GXXL-BXP","Female",16
38442,"GWMF-WJZ","Male",16
38443,"GXXL-LX5","Female",16
38444,"GJZ1-Q1L","Male",16
38445,"GKNF-H2F","Female",16
38446,"LVZN-FBJ","Male",16
38447,"LVZN-N4J","Female",16
39970,"G72K-M7R","Male",16
39971,"G72V-G19","Female",16
40192,"LRT9-JZZ","Male",16
40193,"LRLV-Q27","Female",16
40194,"GMXJ-NHJ","Male",16
40195,"GJWG-G2T","Female",16
40200,"G8BY-HP5","Male",16
40201,"G8BY-6VZ","Female",16
40202,"K8C3-N7F","Male",16
40203,"KH93-KJH","Female",16
40206,"G6CX-TTD","Male",16
40207,"LZM1-5LZ","Female",16
40216,"G4MC-QD8","Male",16
40217,"9J4M-YHT","Female",16
40218,"GKXC-FRD","Male",16
40219,"GJWG-P5G","Female",16
40222,"GS6T-K2F","Male",16
40223,"G7V3-CR4","Female",16
40228,"GZGF-XFX","Male",16
40229,"LCPR-CBS","Female",16
40230,"GZGF-6M3","Male",16
40231,"GZGF-883","Female",16
40232,"GZGF-XFX","Male",16
40233,"LCPR-CBS","Female",16
40234,"GZGF-6M3","Male",16
40235,"GZGF-883","Female",16
40236,"LV4R-D18","Male",16
40237,"MGJQ-Y2R","Female",16
40238,"K23D-YJ3","Male",16
40239,"GZ5M-BTN","Female",16
40240,"LV4R-D18","Male",16
40241,"MGJQ-Y2R","Female",16
40242,"K23D-YJ3","Male",16
40243,"GZ5M-BTN","Female",16
40246,"GK7L-MG3","Male",16
40247,"GNZ7-ZJ2","Female",16
40256,"L6T3-1BD","Male",16
40257,"KNQ8-FH9","Female",16
40258,"GSWZ-MR4","Male",16
40259,"9VJH-XCW","Female",16
40304,"LJR4-VZF","Male",16
40305,"G431-BHQ","Female",16
40306,"L4MM-WCF","Male",16
40307,"LXQQ-84C","Female",16
40352,"L67M-5R7","Male",16
40353,"LVF3-CG6","Female",16
40354,"LKH1-YN7","Male",16
40355,"LKH1-YNB","Female",16
40356,"GKHH-N64","Male",16
40357,"GLVZ-MN4","Female",16
40358,"GQKN-855","Male",16
40359,"GQKJ-M7C","Female",16
40360,"GXMZ-S7T","Male",16
40361,"GQPS-BHC","Female",16
40364,"M5P8-2KZ","Male",16
40365,"M5P8-2KP","Female",16
40366,"GFQV-5GH","Male",16
40367,"GFQV-2XM","Female",16
40368,"LBZZ-JCY","Male",16
40369,"LBZZ-754","Female",16
40370,"MX5Q-CZN","Male",16
40371,"LVY1-MJB","Female",16
40376,"G3WH-SQT","Male",16
40377,"G7C1-ZQS","Female",16
40416,"LKLG-TK4","Male",16
40417,"L8YW-GRT","Female",16
40420,"MVG3-2QT","Male",16
40421,"4J1Q-G46","Female",16
40422,"GJC9-RK6","Male",16
40423,"GJC9-GNG","Female",16
40428,"MMT4-5HY","Male",16
40429,"MMT4-5CF","Female",16
40440,"GLJB-S51","Male",16
40442,"K8HG-Z84","Male",16
40443,"LCZK-KF5","Female",16
41152,"K8L3-C4L","Male",16
41153,"KC62-8LS","Female",16
41168,"LHF1-Y71","Male",16
41169,"GJZ4-PPB","Female",16
41170,"LTQX-5C6","Male",16
41171,"LTQF-3Y1","Female",16
41172,"LTQX-5C6","Male",16
41173,"LTQF-3Y1","Female",16
41174,"9H52-SFT","Male",16
41175,"LYJR-66X","Female",16
41176,"GVW1-QY2","Male",16
41177,"G6ZV-QV3","Female",16
41186,"KLVV-WJH","Male",16
41187,"LTMK-QH9","Female",16
41192,"GGLC-K75","Male",16
41196,"GZGD-TV4","Male",16
41197,"GZGD-BNJ","Female",16
41198,"LRG9-RTK","Male",16
41199,"LYFC-BSW","Female",16
41200,"GXX6-DGL","Male",16
41201,"GQ3D-JXG","Female",16
41202,"MQ5Q-F73","Male",16
41203,"MQ5Q-F6Q","Female",16
41204,"GMLP-GB8","Male",16
41205,"G9HX-WXJ","Female",16
41600,"LKGX-G3B","Male",16
41601,"4R34-732","Female",16
41604,"GWQ9-5FD","Male",16
41605,"GS3H-D27","Female",16
41608,"GLYR-N6Y","Male",16
41609,"GLYR-XG4","Female",16
41610,"GGLV-NS9","Male",16
41612,"LY28-WB7","Male",16
41613,"LYBZ-FND","Female",16
41614,"LR71-PPB","Male",16
41615,"GM1V-CR3","Female",16
41664,"G3YY-2Q1","Male",16
41665,"MDS4-HR8","Female",16
41920,"KZKL-XPW","Male",16
41921,"GK4L-KBC","Female",16
41922,"LHP9-5BH","Male",16
41923,"KGJK-XW4","Female",16
41924,"G24Y-ZS1","Male",16
41925,"G24Y-QNY","Female",16
41926,"LHCZ-91G","Male",16
41927,"LRK1-S6S","Female",16
41952,"MVR1-H9R","Male",16
41953,"MVR1-HS4","Female",16
41954,"K8NQ-3JT","Male",16
41955,"KZWY-Q9T","Female",16
42016,"LZPH-11R","Male",16
42017,"M7WV-H7B","Female",16
42018,"LHTF-364","Male",16
42019,"G9YB-H8F","Female",16
42020,"LC7J-JC6","Male",16
42021,"LTW8-N6Q","Female",16
42022,"M2Y7-1T1","Male",16
42023,"LZ4L-QKD","Female",16
42032,"L5RN-65S","Male",16
42036,"L41N-6T1","Male",16
42037,"LYD4-SHW","Female",16
42048,"GLKD-BYY","Male",16
42049,"GK6R-4TX","Female",16
42057,"LTT2-3HL","Female",16
42064,"LB4P-YP8","Male",16
42065,"LB45-SWG","Female",16
42066,"LRT1-9JW","Male",16
42067,"GMHC-117","Female",16
42072,"M484-5FZ","Male",16
42073,"GGKW-17D","Female",16
42074,"GGKJ-Q3W","Male",16
42075,"GGKN-1ZG","Female",16
42076,"GJ3W-3WP","Male",16
42077,"GJ3W-HZB","Female",16
42078,"9SZ6-6VV","Male",16
42079,"LH3W-3SL","Female",16
43072,"GDPP-4Q1","Male",16
43073,"M9BC-RPN","Female",16
43104,"LYTC-533","Male",16
43105,"LCS1-X8K","Female",16
43106,"GST8-RRQ","Male",16
43107,"GDR2-YJ8","Female",16
43108,"L4HK-WBL","Male",16
43109,"LHXS-LRZ","Female",16
43110,"LZVT-6FJ","Male",16
43111,"LK7R-YQX","Female",16
43112,"GKD2-LSG","Male",16
43113,"G8BX-WF4","Female",16
43114,"MVGL-QLG","Male",16
43115,"L7TG-5M8","Female",16
43116,"2ZCK-8L3","Male",16
43117,"M74Y-RDB","Female",16
43118,"L6M6-LH3","Male",16
43119,"L69J-8YQ","Female",16
43120,"LR8F-78R","Male",16
43121,"GJNL-WZ8","Female",16
43124,"GGCD-JDB","Male",16
43125,"LVS8-J2F","Female",16
43126,"GFWM-FN6","Male",16
43127,"GKDC-B4D","Female",16
43136,"GDPP-4Q1","Male",16
43137,"M9BC-RPN","Female",16
43168,"LYTC-533","Male",16
43169,"LCS1-X8K","Female",16
43170,"GST8-RRQ","Male",16
43171,"GDR2-YJ8","Female",16
43172,"L4HK-WBL","Male",16
43173,"LHXS-LRZ","Female",16
43174,"LZVT-6FJ","Male",16
43175,"LK7R-YQX","Female",16
43176,"GKD2-LSG","Male",16
43177,"G8BX-WF4","Female",16
43178,"MVGL-QLG","Male",16
43179,"L7TG-5M8","Female",16
43180,"2ZCK-8L3","Male",16
43181,"M74Y-RDB","Female",16
43182,"L6M6-LH3","Male",16
43183,"L69J-8YQ","Female",16
43184,"LR8F-78R","Male",16
43185,"GJNL-WZ8","Female",16
43188,"GGCD-JDB","Male",16
43189,"LVS8-J2F","Female",16
43190,"GFWM-FN6","Male",16
43191,"GKDC-B4D","Female",16
43280,"GXJ4-8K1","Male",16
43281,"GXJH-8ZX","Female",16
43288,"LYP3-517","Male",16
43289,"LYP3-51R","Female",16
43290,"GMC8-C9P","Male",16
43291,"GQ8K-K36","Female",16
43296,"G3VC-TW9","Male",16
43297,"KLJJ-6TJ","Female",16
43300,"LCVN-F6N","Male",16
43301,"L4WP-JSB","Female",16
43312,"LV96-MSR","Male",16
43313,"KLJJ-6TJ","Female",16
43314,"GLK1-G7K","Male",16
43315,"GLYN-W1G","Female",16
43324,"LC28-JJB","Male",16
43325,"GDKG-M8V","Female",16
43392,"GKDN-Y8Z","Male",16
43393,"LZNC-BDW","Female",16
43394,"LZK2-J2Y","Male",16
43395,"LK33-V2Y","Female",16
43396,"LJ1Z-J3X","Male",16
43397,"29WW-Z3D","Female",16
43398,"MVN1-SJ3","Male",16
43399,"LC27-ZQW","Female",16
43400,"LDYR-ZK8","Male",16
43401,"94PP-RGV","Female",16
43402,"LCY7-K1R","Male",16
43403,"LCY7-K1Z","Female",16
43404,"MQWQ-G8Y","Male",16
43405,"MSSB-6XR","Female",16
43406,"GDQZ-688","Male",16
43407,"LZSW-ZJT","Female",16
43416,"GKPQ-J8W","Male",16
43417,"GKPQ-5X3","Female",16
43420,"MBL5-4KS","Male",16
43421,"LZFX-CNQ","Female",16
43422,"LJGL-L96","Male",16
43423,"9VT3-NQG","Female",16
43456,"L8BD-KQK","Male",16
43457,"LQRD-9Y1","Female",16
43458,"29MW-S9R","Male",16
43459,"29MW-SQQ","Female",16
43460,"KLGM-5CQ","Male",16
43461,"KLGM-5C7","Female",16
43494,"GG2Y-V1D","Male",16
43495,"GG2Y-JZT","Female",16
43496,"94NM-C3W","Male",16
43497,"LC65-K2F","Female",16
43498,"GL84-S86","Male",16
43500,"LNV7-4V6","Male",16
43501,"LZD1-LKZ","Female",16
43502,"LCTD-XWJ","Male",16
43503,"LV4T-1HZ","Female",16
43848,"GJM8-NGB","Male",16
43849,"GJM8-NGY","Female",16
43850,"L1W6-KZC","Male",16
43851,"L1W6-JG7","Female",16
43868,"KH51-9C6","Male",16
43869,"KHT8-YP7","Female",16
43959,"GHLG-6WY","Female",16
43958,"GF31-WT8","Male",16
44096,"LVWQ-KZP","Male",16
44097,"LCF6-KWT","Female",16
44098,"KJPK-8Q6","Male",16
44099,"KPH2-WB4","Female",16
44128,"KN6X-GBV","Male",16
44129,"GG84-LWC","Female",16
44132,"L41W-YSY","Male",16
44133,"LVV6-7RN","Female",16
44134,"LZ23-YKX","Male",16
44135,"L2D3-187","Female",16
44144,"GQBX-3YY","Male",16
44152,"LCML-BXH","Male",16
44153,"LCJ1-VX5","Female",16
44156,"9J7K-9KS","Male",16
44157,"LZ59-W7D","Female",16
44158,"LZK4-TPY","Male",16
44160,"KCPT-9W1","Male",16
44161,"GKJ1-YPY","Female",16
44162,"K2QF-2MX","Male",16
44163,"G6QZ-6X9","Female",16
44166,"GKVL-BQT","Male",16
44167,"GKVG-D4N","Female",16
44169,"M4X8-VQC","Female",16
44172,"LBPC-Q2T","Male",16
44173,"L52N-MHY","Female",16
44174,"L6JV-6ZR","Male",16
44175,"9NRB-GCJ","Female",16
44176,"MKTV-NHB","Male",16
44177,"MKTV-NCH","Female",16
44178,"GMCC-9CB","Male",16
44179,"M9ZJ-GPJ","Female",16
44192,"GJ1X-VNG","Male",16
44193,"GMDP-G6V","Female",16
44194,"9SG3-74G","Male",16
44195,"9SG3-741","Female",16
44196,"MJQK-289","Male",16
44197,"LTWH-ZJ4","Female",16
44200,"L2HG-5DG","Male",16
44201,"LYSV-YZ2","Female",16
44202,"L1X2-8Z9","Male",16
44203,"MSKJ-Q99","Female",16
44204,"G6BV-KS9","Male",16
44205,"LDPJ-JPW","Female",16
44206,"G6RP-X1G","Male",16
44207,"LWYZ-TWV","Female",16
44208,"M1QR-BJ7","Male",16
44209,"MFV9-ZSV","Female",16
44210,"L7B2-8WG","Male",16
44211,"LTZD-4PW","Female",16
44216,"LR8D-JLL","Male",16
44217,"LR8D-KT5","Female",16
44218,"GGPY-MN3","Male",16
44219,"GGPY-5XJ","Female",16
44222,"LH5F-PNS","Male",16
44223,"LH5F-P2W","Female",16
44352,"GDPP-4Q1","Male",16
44353,"M9BC-RPN","Female",16
44384,"LYTC-533","Male",16
44385,"LCS1-X8K","Female",16
44386,"GST8-RRQ","Male",16
44387,"GDR2-YJ8","Female",16
44388,"L4HK-WBL","Male",16
44389,"LHXS-LRZ","Female",16
44390,"LZVT-6FJ","Male",16
44391,"LK7R-YQX","Female",16
44392,"GKD2-LSG","Male",16
44393,"G8BX-WF4","Female",16
44394,"MVGL-QLG","Male",16
44395,"L7TG-5M8","Female",16
44396,"2ZCK-8L3","Male",16
44397,"M74Y-RDB","Female",16
44398,"L6M6-LH3","Male",16
44399,"L69J-8YQ","Female",16
44400,"LR8F-78R","Male",16
44401,"GJNL-WZ8","Female",16
44404,"GGCD-JDB","Male",16
44405,"LVS8-J2F","Female",16
44406,"GFWM-FN6","Male",16
44407,"GKDC-B4D","Female",16
44416,"GDPP-4Q1","Male",16
44417,"M9BC-RPN","Female",16
44448,"LYTC-533","Male",16
44449,"LCS1-X8K","Female",16
44450,"GST8-RRQ","Male",16
44451,"GDR2-YJ8","Female",16
44452,"L4HK-WBL","Male",16
44453,"LHXS-LRZ","Female",16
44454,"LZVT-6FJ","Male",16
44455,"LK7R-YQX","Female",16
44456,"GKD2-LSG","Male",16
44457,"G8BX-WF4","Female",16
44458,"MVGL-QLG","Male",16
44459,"L7TG-5M8","Female",16
44460,"2ZCK-8L3","Male",16
44461,"M74Y-RDB","Female",16
44462,"L6M6-LH3","Male",16
44463,"L69J-8YQ","Female",16
44464,"LR8F-78R","Male",16
44465,"GJNL-WZ8","Female",16
44468,"GGCD-JDB","Male",16
44469,"LVS8-J2F","Female",16
44470,"GFWM-FN6","Male",16
44471,"GKDC-B4D","Female",16
45056,"GQRB-M2S","Male",16
45057,"GST1-QGK","Female",16
45058,"L83Q-9GY","Male",16
45059,"GGMJ-CL9","Female",16
45064,"LZXD-HFD","Male",16
45065,"GKX9-TVM","Female",16
45066,"9CZ5-25S","Male",16
45067,"9JFJ-WCF","Female",16
45068,"9F99-91S","Male",16
45069,"9NSX-7PT","Female",16
45070,"LZL4-BV6","Male",16
45071,"MHNR-V2Q","Female",16
45074,"G7G5-3LY","Male",16
45075,"G2CM-VNT","Female",16
45076,"G4ZD-86C","Male",16
45077,"G4Z8-1DN","Female",16
45080,"LH2D-Q4P","Male",16
45081,"LHJ6-ZJF","Female",16
45082,"9V1W-Q7S","Male",16
45083,"2781-RQS","Female",16
45084,"MD61-21D","Male",16
45085,"9VMF-CZR","Female",16
45086,"M3QP-7FR","Male",16
45087,"GXH7-1MC","Female",16
45100,"GG86-L1G","Male",16
45101,"L2B6-2W3","Female",16
45102,"LBBT-LQP","Male",16
45103,"LT5D-8DJ","Female",16
45112,"MB35-47Q","Male",16
45113,"M19C-2RW","Female",16
45116,"K45L-XVC","Male",16
45117,"41BF-W6T","Female",16
45120,"GZGF-DTP","Male",16
45121,"G86Q-MVX","Female",16
45131,"LV7Y-JZ6","Female",16
45132,"LTXV-4CZ","Male",16
45133,"LTCD-1ND","Female",16
45134,"G4TL-QFP","Male",16
45135,"G8D1-R1V","Female",16
45138,"LB5Y-4WL","Male",16
45139,"L838-RS8","Female",16
45140,"G6RY-7W1","Male",16
45141,"941F-85K","Female",16
45142,"GCNG-9T7","Male",16
45143,"GH56-C34","Female",16
45144,"L1J5-3YK","Male",16
45145,"MMPD-WNY","Female",16
45150,"LDRG-LMK","Male",16
45151,"GZWX-8MC","Female",16
45152,"G9DN-PVS","Male",16
45153,"GV41-D3W","Female",16
45154,"G3JC-3BN","Male",16
45155,"LVP8-M5W","Female",16
45156,"GN63-T1P","Male",16
45157,"KZM6-ZVH","Female",16
45158,"LQRV-TBQ","Male",16
45159,"GGD6-6M1","Female",16
45160,"GQ94-793","Male",16
45161,"G987-VRN","Female",16
45162,"GKBT-1KL","Male",16
45163,"LZ2J-FCZ","Female",16
45164,"KJ5X-4TC","Male",16
45165,"L63J-L4C","Female",16
45166,"L8WJ-RZB","Male",16
45167,"L8WJ-RW6","Female",16
45168,"GGKS-3ZV","Male",16
45169,"GGK9-RLK","Female",16
45170,"LBP2-SZX","Male",16
45171,"LZFZ-H63","Female",16
45172,"GL6K-YWM","Male",16
45173,"GL62-XBG","Female",16
45174,"G2FQ-LCC","Male",16
45175,"GQSY-PJR","Female",16
45176,"GL9X-WNJ","Male",16
45177,"G66G-5YC","Female",16
45178,"G2RG-9WG","Male",16
45179,"G2RG-ZSF","Female",16
45180,"L1WP-HLD","Male",16
45181,"93J3-X2T","Female",16
45182,"MFKT-92R","Male",16
45183,"4X7J-PX5","Female",16
45184,"MN3M-99Q","Male",16
45185,"G3ZG-PK3","Female",16
45188,"GLSJ-M2T","Male",16
45189,"4ZJZ-QJH","Female",16
45190,"GD41-YN2","Male",16
45191,"LTR8-B82","Female",16
45192,"GWP6-J1F","Male",16
45193,"L2J5-6CG","Female",16
45194,"LC5G-MT1","Male",16
45195,"LC5G-999","Female",16
45196,"L1JK-8GY","Male",16
45197,"GLJD-5VB","Female",16
45198,"KHW1-HXK","Male",16
45199,"KC29-BP2","Female",16
45200,"LTFS-4PV","Male",16
45201,"LTXN-NXS","Female",16
45202,"GKZH-DRC","Male",16
45203,"GGM4-3MB","Female",16
45204,"LY9K-M99","Male",16
45205,"M1GY-PHB","Female",16
45206,"2KR4-9Z7","Male",16
45207,"27VJ-LSP","Female",16
45208,"LKKH-3VH","Male",16
45209,"L5YZ-ZL6","Female",16
45210,"G3WF-S2G","Male",16
45211,"GG5F-44Y","Female",16
45212,"LDRX-F7F","Male",16
45213,"LDRX-FPR","Female",16
45214,"LVHG-S4X","Male",16
45215,"LZBB-KN4","Female",16
45220,"LB8V-NZS","Male",16
45221,"L1FK-1WJ","Female",16
45224,"L4SY-7NY","Male",16
45225,"LRL6-KYS","Female",16
45226,"LHTM-V4Q","Male",16
45227,"LHTM-J1X","Female",16
45228,"LB8V-NZS","Male",16
45229,"L1FK-1WJ","Female",16
45230,"KD32-LD8","Male",16
45231,"M6JV-FLW","Female",16
45242,"G39P-392","Male",16
45243,"9C65-3HS","Female",16
45244,"GGVM-K82","Male",16
45245,"GM1V-ZW6","Female",16
45248,"L89B-G1B","Male",16
45249,"L44X-GGP","Female",16
45250,"LHC7-LLX","Male",16
45251,"LHC7-LL5","Female",16
45252,"LT7D-W44","Male",16
45253,"LT78-BS7","Female",16
45260,"GXR6-ZFG","Male",16
45261,"LYVV-JKD","Female",16
45262,"GXVZ-31V","Male",16
45440,"LTSN-FDZ","Male",16
45441,"G92W-185","Female",16
45442,"G8K7-1W7","Male",16
45443,"LRR5-HLT","Female",16
45444,"LR74-BM6","Male",16
45445,"LYTN-9PC","Female",16
45446,"LBNL-MH1","Male",16
45448,"MHP6-74F","Male",16
45449,"M4TW-ZM2","Female",16
49152,"GQQS-PJK","Male",16
49153,"GQQS-KBW","Female",16
49154,"LVCF-72B","Male",16
49155,"GJSG-2NN","Female",16
49156,"G8JJ-H7M","Male",16
49157,"G9JG-GH9","Female",16
49158,"G93V-K88","Male",16
49159,"LJBQ-T8S","Female",16
49160,"LHL1-K57","Male",16
49161,"LHGJ-56J","Female",16
49164,"9KDM-3MZ","Male",16
49165,"G38W-28T","Female",16
49166,"LZJQ-V81","Male",16
49167,"LCTN-GQR","Female",16
49176,"KLGZ-38Q","Male",16
49177,"KV2Y-HKM","Female",16
49178,"GFWG-JZN","Male",16
49179,"GFWG-NTY","Female",16
49408,"LZR5-277","Male",16
49409,"LZJC-NLB","Female",16
49440,"LHRQ-5L1","Male",16
49441,"LHRQ-5RR","Female",16
49442,"GK7C-85K","Male",16
49443,"M37G-TMJ","Female",16
49444,"LBHB-H9T","Male",16
49445,"L5VG-WD9","Female",16
49446,"M448-LSN","Male",16
49447,"G43L-CHS","Female",16
49464,"LCC3-NLL","Male",16
49465,"KHSM-6KM","Female",16
49468,"G8LL-DQG","Male",16
49469,"KZMW-NZZ","Female",16
49470,"LHTQ-BFD","Male",16
49471,"LC8B-RKJ","Female",16
49472,"M521-V19","Male",16
49473,"LZG1-NF7","Female",16
49474,"G9NZ-C3N","Male",16
49475,"G2K6-SRQ","Female",16
49496,"LHKS-97K","Male",16
49497,"LHKS-98P","Female",16
49498,"MS19-HNM","Male",16
49499,"GF1S-D4N","Female",16
49500,"MVC5-NR4","Male",16
49505,"G6X1-96S","Female",16
49506,"G666-35G","Male",16
49507,"LHDQ-C97","Female",16
49510,"G6F4-HPK","Male",16
49511,"G6X1-ZPJ","Female",16
49512,"GXGW-GDQ","Male",16
49513,"LDRW-Q37","Female",16
49514,"LRMS-HN4","Male",16
49515,"KCXN-3SK","Female",16
49516,"L61P-32K","Male",16
49517,"LKS3-XQ7","Female",16
49518,"LVPR-MQ9","Male",16
49519,"GZLX-MK2","Female",16
49520,"LZ2M-WRL","Male",16
49521,"LDK8-GMX","Female",16
49522,"LB32-YLF","Male",16
49523,"LB3L-MT6","Female",16
49524,"LX7R-D8C","Male",16
49525,"GN17-SVK","Female",16
49526,"MCRR-WKX","Male",16
49527,"L85B-TTX","Female",16
49528,"M6BH-F73","Male",16
49529,"M6YJ-47W","Female",16
49530,"LKKM-HCX","Male",16
49531,"GWP9-4RG","Female",16
49532,"LTW9-JMB","Male",16
49533,"MNQ9-FLQ","Female",16
49534,"LTW9-XR6","Male",16
49535,"L43D-YFP","Female",16
50176,"MFY5-NVG","Male",16
50177,"G23P-D2Y","Female",16
50180,"93KB-CNR","Male",16
50181,"LDRG-ZBJ","Female",16
50182,"LBQX-VSZ","Male",16
50184,"G6S5-KMK","Male",16
50185,"G6S5-SZN","Female",16
50186,"LTLS-HQ6","Male",16
50187,"GDMW-D51","Female",16
50190,"GQ4N-PMZ","Male",16
50191,"GQ4N-SGC","Female",16
50200,"LXWQ-KTM","Male",16
50201,"L2R5-ZDP","Female",16
50208,"LZ6P-LZC","Male",16
50209,"LZ4L-HP5","Female",16
50210,"LTYX-1VP","Male",16
50211,"LT2R-8GY","Female",16
50212,"L18R-FWR","Male",16
50213,"LB43-6KD","Female",16
50214,"LWJL-HK7","Male",16
50215,"24NS-LGZ","Female",16
50216,"K2Q9-C5P","Male",16
50217,"L87V-9GC","Female",16
50218,"G4S8-N4W","Male",16
50219,"G4S8-DYK","Female",16
50220,"L87V-9GN","Male",16
50221,"GM7T-D7R","Female",16
50240,"LZPV-VM8","Male",16
50241,"L7NY-MWF","Female",16
50242,"L5XG-K5M","Male",16
50243,"LTZS-BZ3","Female",16
50248,"LCJ2-X3M","Male",16
50249,"LCJ2-FNT","Female",16
50250,"LYZC-77Y","Male",16
50251,"GXMM-MMV","Female",16
50256,"MM1X-TD8","Male",16
50257,"LRDV-Y9F","Female",16
50258,"G6HQ-Z47","Male",16
50259,"GVHL-Z33","Female",16
50264,"LZ64-GTQ","Male",16
50265,"LTPM-56L","Female",16
50272,"LZ6P-LZC","Male",16
50273,"LZ4L-HP5","Female",16
50274,"LTYX-1VP","Male",16
50275,"LT2R-8GY","Female",16
50276,"L18R-FWR","Male",16
50277,"LB43-6KD","Female",16
50278,"LWJL-HK7","Male",16
50279,"24NS-LGZ","Female",16
50296,"GZGF-S7S","Male",16
50297,"GHS8-XP1","Female",16
50298,"9CVJ-YD6","Male",16
50299,"4XM6-ZRX","Female",16
50300,"KZK1-D71","Male",16
50301,"L1WR-XCB","Female",16
50336,"K82C-1X3","Male",16
50337,"GMHX-Z7L","Female",16
50338,"GSBR-V8F","Male",16
50339,"K4NR-NTK","Female",16
50352,"GLT8-DJD","Male",16
50353,"GXRB-5YD","Female",16
50356,"LVKY-BKY","Male",16
50357,"9NRB-2D3","Female",16
50358,"LRWG-6DZ","Male",16
50359,"LZFY-F6L","Female",16
50364,"LBYM-19J","Male",16
50365,"GS4K-XP3","Female",16
50366,"LJRL-M69","Male",16
50367,"GS9G-ND2","Female",16
50368,"LDTQ-NVL","Male",16
50369,"L4W1-2BX","Female",16
50370,"LVG8-7RR","Male",16
50371,"LVYF-8JJ","Female",16
50372,"LR4B-WQJ","Male",16
50373,"LZXD-4ZR","Female",16
50374,"LHPJ-697","Male",16
50375,"LZR4-VYQ","Female",16
50376,"L3XJ-CLP","Male",16
50377,"9X1Y-LFC","Female",16
50378,"G28N-XGT","Male",16
50379,"GLJH-DJF","Female",16
50380,"LC81-GCD","Male",16
50381,"LWGM-7JZ","Female",16
50384,"GZJT-S8M","Male",16
50385,"GW53-RVL","Female",16
50386,"M438-Y8R","Male",16
50387,"L1DQ-TYL","Female",16
50388,"LB1V-L8K","Male",16
50389,"LBB3-FLK","Female",16
50390,"LZN7-W1G","Male",16
50391,"M1Y6-26T","Female",16
50392,"LVGJ-H9Y","Male",16
50393,"LD39-Y3G","Female",16
50394,"G2YR-JHW","Male",16
50395,"GGQY-HM9","Female",16
50400,"GKSW-XG8","Male",16
50412,"KXXN-9B7","Male",16
50413,"C4VX-WW8","Female",16
50416,"GXKN-F1L","Male",16
50417,"GXKN-FXP","Female",16
50420,"GM58-W61","Male",16
50421,"G76Z-4VW","Female",16
50422,"LB4S-YND","Male",16
50423,"G76Z-64Q","Female",16
50424,"LJRG-YMM","Male",16
50425,"LJRG-Y9J","Female",16
50426,"LYVK-W23","Male",16
50427,"LYVP-M8B","Female",16
50432,"L67B-CT1","Male",16
50433,"LKKM-H43","Female",16
50434,"L8YQ-W51","Male",16
50435,"MDNR-VYX","Female",16
50436,"LKKM-H75","Male",16
50437,"9F38-6JN","Female",16
50444,"G3RG-3BD","Male",16
50445,"GSP9-Z3G","Female",16
50456,"L585-N2V","Male",16
50457,"LTKG-61W","Female",16
50458,"LBPL-HZ5","Male",16
50459,"98F6-WM5","Female",16
50460,"LZPN-7M8","Male",16
50461,"LTY9-Q6T","Female",16
50462,"9MGJ-YDQ","Male",16
50463,"LVJG-BQ8","Female",16
50464,"GFB9-876","Male",16
50465,"G4RF-55T","Female",16
50466,"LH39-4MT","Male",16
50467,"KLLC-ZFZ","Female",16
50468,"L6CW-CD4","Male",16
50469,"LZTN-VZV","Female",16
50470,"LLML-NB1","Male",16
50471,"LLML-JQ1","Female",16
50472,"L4WK-LPV","Male",16
50473,"GVW8-KFK","Female",16
50474,"93KF-J1Y","Male",16
50475,"L6BG-X9Z","Female",16
50476,"G9XC-LYF","Male",16
50477,"M6WQ-ZHT","Female",16
50478,"LH8R-6SH","Male",16
50479,"MNFD-DK7","Female",16
50484,"MRLQ-K8X","Male",16
50485,"M62Z-PKG","Female",16
50486,"KH6Z-32Z","Male",16
50487,"LTBR-CQK","Female",16
50488,"M6HQ-KNB","Male",16
50489,"LL9M-ZFJ","Female",16
50490,"MMV7-S6K","Male",16
50491,"GXJJ-XG6","Female",16
50496,"LZZJ-Z42","Male",16
50497,"LZZJ-8MT","Female",16
50498,"LHRH-WBT","Male",16
50499,"LZZJ-DC6","Female",16
50512,"M9XV-TXJ","Male",16
50513,"L51N-VL7","Female",16
50514,"G2Z5-519","Male",16
50515,"LYBW-88F","Female",16
50516,"L8RH-566","Male",16
50517,"G265-SF9","Female",16
50518,"GGLB-YVK","Male",16
50519,"GGL1-MTQ","Female",16
50537,"L5GG-1Z3","Female",16
50538,"MJ41-JBC","Male",16
50539,"MJ41-JB2","Female",16
50540,"LBYX-XJR","Male",16
50541,"LY11-FYY","Female",16
50542,"GGZX-YCC","Male",16
50543,"GL9X-ZCX","Female",16
50552,"GLV6-X3X","Male",16
50553,"GLV6-46Y","Female",16
50554,"GDJV-QQH","Male",16
50555,"G4HD-GQC","Female",16
50556,"K8L6-YFV","Male",16
50557,"LTDB-F8S","Female",16
50558,"93KB-CNR","Male",16
50559,"LDRG-ZBJ","Female",16
51320,"GFY9-RS9","Male",16
51321,"GFY9-ZTJ","Female",16
51322,"GFY9-GB1","Male",16
51323,"GFY9-G67","Female",16
51324,"LDHS-YD8","Male",16
51325,"LDHS-Y6F","Female",16
51326,"GVXJ-7J4","Male",16
53252,"LY28-WB7","Male",16
53253,"LYBZ-FND","Female",16
53254,"LR71-PPB","Male",16
53255,"GM1V-CR3","Female",16
53280,"GLB4-4TL","Male",16
53281,"GLB4-6ZR","Female",16
53282,"278V-KQL","Male",16
53283,"LR1T-KB7","Female",16
53284,"9H3Q-JSM","Male",16
53285,"9H3Q-JSZ","Female",16
53286,"L6G6-N44","Male",16
53287,"L6G6-NZ1","Female",16
53288,"LCWG-9V8","Male",16
53289,"LDBJ-B1F","Female",16
53290,"G97P-S8J","Male",16
53291,"G4DR-ZLC","Female",16
53292,"LY5M-KN8","Male",16
53293,"L2MK-DL1","Female",16
53294,"KZ3N-8M1","Male",16
53295,"L71F-Q87","Female",16
53296,"G9TH-KWC","Male",16
53297,"LZBY-QJ1","Female",16
53300,"GLFM-SNF","Male",16
53301,"G2HN-L78","Female",16
53304,"GQP1-VWC","Male",16
53305,"GQPB-PPF","Female",16
53306,"GLJS-RBW","Male",16
53307,"GLJ3-4JL","Female",16
53376,"L4SK-BYG","Male",16
53377,"MZBR-D7M","Female",16
53378,"MZP1-WJB","Male",16
53379,"MZP1-WJN","Female",16
53380,"LZ21-36S","Male",16
53381,"L1SL-3FH","Female",16
53392,"GHKX-WLK","Male",16
53393,"9F9P-NCK","Female",16
53400,"LVCL-VV9","Male",16
53401,"GZKD-HSC","Female",16
53402,"GC41-P3T","Male",16
53403,"GQ1S-91Z","Female",16
53404,"LBJW-M2N","Male",16
53405,"LZL9-37K","Female",16
53406,"LZBN-3WJ","Male",16
53407,"GG2T-9TG","Female",16
53408,"GKGS-RQ7","Male",16
53409,"GKGS-LC9","Female",16
53410,"9KM6-292","Male",16
53411,"GMVJ-VY9","Female",16
53414,"GLCX-XP2","Male",16
53415,"GLC6-YML","Female",16
53424,"MFTN-JJQ","Male",16
53425,"4X6G-N1X","Female",16
53504,"LCDW-L2L","Male",16
53505,"ML8P-W1T","Female",16
53506,"LVX3-BT6","Male",16
53507,"L8Y4-VCW","Female",16
53528,"G9DD-1RZ","Male",16
53529,"L6FZ-YC3","Female",16
53530,"9JFX-M6J","Male",16
53531,"G2ZX-KK9","Female",16
53532,"GNJ9-FW6","Male",16
53533,"GJNG-TYZ","Female",16
53536,"LRCG-KYX","Male",16
53537,"LZF2-GZJ","Female",16
53538,"KCTY-9X3","Male",16
53539,"KZ4D-XW4","Female",16
53540,"GJRM-688","Male",16
53542,"K63F-K84","Male",16
53543,"9S19-F14","Female",16
53552,"L63R-MSW","Male",16
53553,"LZGS-XZL","Female",16
53554,"L1VD-HRW","Male",16
53555,"L1VX-TPV","Female",16
53600,"L11C-RGV","Male",16
53601,"9KBV-M6N","Female",16
53604,"GG3X-DLV","Male",16
53605,"GG3X-YC8","Female",16
53616,"LVP4-WKY","Male",16
53617,"L6KT-87S","Female",16
53618,"M3X4-2NF","Male",16
53619,"L5GJ-PKM","Female",16
53620,"LKQV-C5F","Male",16
53621,"LC54-PXS","Female",16
53622,"G3GV-4JB","Male",16
53623,"G3GV-62J","Female",16
53624,"G3GL-W19","Male",16
53625,"GQ9N-WMF","Female",16
53626,"LJRY-DV7","Male",16
53627,"LJRY-6RK","Female",16
53628,"G2SZ-FK3","Male",16
53632,"GW8M-NLD","Male",16
53633,"K12D-M89","Female",16
53634,"GCRM-GM9","Male",16
53635,"G22K-BLT","Female",16
53636,"GHTS-9NG","Male",16
53637,"MKGJ-JK6","Female",16
53638,"LH1B-BCH","Male",16
53639,"G27F-GC5","Female",16
53642,"GD5V-1MH","Male",16
53643,"GD5V-8V1","Female",16
53644,"KZFF-5C6","Male",16
53645,"MC9Y-MDB","Female",16
53646,"GNBW-N7M","Male",16
53647,"GNB7-1L7","Female",16
53680,"GC8F-4BQ","Male",16
53682,"LHR8-BHH","Male",16
53683,"LC59-7BF","Female",16
53684,"LV1R-KZH","Male",16
53685,"L6JX-RND","Female",16
53686,"LC84-5G1","Male",16
53687,"LCFZ-3M3","Female",16
53692,"L1CN-3T6","Male",16
53693,"L1CN-Q8Z","Female",16
53694,"LX33-XMC","Male",16
53695,"L55Y-PFP","Female",16
53696,"M5NX-FVR","Male",16
53697,"LB5R-WVJ","Female",16
53698,"K1D5-VD9","Male",16
53699,"LHN5-SRT","Female",16
53704,"LRSN-L8P","Male",16
53705,"94QP-C19","Female",16
53706,"K4DB-R7Z","Male",16
53707,"LT2Z-M3V","Female",16
53720,"GCXD-6GB","Male",16
53721,"GFMW-4ZL","Female",16
53722,"GDS7-6LV","Male",16
53723,"GDS7-GCM","Female",16
53728,"LZV2-CSJ","Male",16
53729,"9HSS-349","Female",16
53732,"9HR4-5SQ","Male",16
53733,"GVR9-XM5","Female",16
53736,"G67B-4VH","Male",16
53737,"K2N2-3RZ","Female",16
53738,"GK3S-MTG","Male",16
53739,"GM7Q-CLH","Female",16
53760,"LCDW-L2L","Male",16
53761,"ML8P-W1T","Female",16
53762,"LVX3-BT6","Male",16
53763,"L8Y4-VCW","Female",16
53784,"G9DD-1RZ","Male",16
53785,"L6FZ-YC3","Female",16
53786,"9JFX-M6J","Male",16
53787,"G2ZX-KK9","Female",16
53788,"GNJ9-FW6","Male",16
53789,"GJNG-TYZ","Female",16
53792,"LRCG-KYX","Male",16
53793,"LZF2-GZJ","Female",16
53794,"KCTY-9X3","Male",16
53795,"KZ4D-XW4","Female",16
53796,"GJRM-688","Male",16
53798,"K63F-K84","Male",16
53799,"9S19-F14","Female",16
53808,"L63R-MSW","Male",16
53809,"LZGS-XZL","Female",16
53810,"L1VD-HRW","Male",16
53811,"L1VX-TPV","Female",16
53856,"L11C-RGV","Male",16
53857,"9KBV-M6N","Female",16
53860,"GG3X-DLV","Male",16
53861,"GG3X-YC8","Female",16
53872,"LVP4-WKY","Male",16
53873,"L6KT-87S","Female",16
53874,"M3X4-2NF","Male",16
53875,"L5GJ-PKM","Female",16
53876,"LKQV-C5F","Male",16
53877,"LC54-PXS","Female",16
53878,"G3GV-4JB","Male",16
53879,"G3GV-62J","Female",16
53880,"G3GL-W19","Male",16
53881,"GQ9N-WMF","Female",16
53882,"LJRY-DV7","Male",16
53883,"LJRY-6RK","Female",16
53884,"G2SZ-FK3","Male",16
53888,"GW8M-NLD","Male",16
53889,"K12D-M89","Female",16
53890,"GCRM-GM9","Male",16
53891,"G22K-BLT","Female",16
53892,"GHTS-9NG","Male",16
53893,"MKGJ-JK6","Female",16
53894,"LH1B-BCH","Male",16
53895,"G27F-GC5","Female",16
53898,"GD5V-1MH","Male",16
53899,"GD5V-8V1","Female",16
53900,"KZFF-5C6","Male",16
53901,"MC9Y-MDB","Female",16
53902,"GNBW-N7M","Male",16
53903,"GNB7-1L7","Female",16
53936,"GC8F-4BQ","Male",16
53938,"LHR8-BHH","Male",16
53939,"LC59-7BF","Female",16
53940,"LV1R-KZH","Male",16
53941,"L6JX-RND","Female",16
53942,"LC84-5G1","Male",16
53943,"LCFZ-3M3","Female",16
53948,"L1CN-3T6","Male",16
53949,"L1CN-Q8Z","Female",16
53950,"LX33-XMC","Male",16
53951,"L55Y-PFP","Female",16
53952,"M5NX-FVR","Male",16
53953,"LB5R-WVJ","Female",16
53954,"K1D5-VD9","Male",16
53955,"LHN5-SRT","Female",16
53960,"LRSN-L8P","Male",16
53961,"94QP-C19","Female",16
53962,"K4DB-R7Z","Male",16
53963,"LT2Z-M3V","Female",16
53976,"GCXD-6GB","Male",16
53977,"GFMW-4ZL","Female",16
53978,"GDS7-6LV","Male",16
53979,"GDS7-GCM","Female",16
53984,"LZV2-CSJ","Male",16
53985,"9HSS-349","Female",16
53988,"9HR4-5SQ","Male",16
53989,"GVR9-XM5","Female",16
53992,"G67B-4VH","Male",16
53993,"K2N2-3RZ","Female",16
53994,"GK3S-MTG","Male",16
53995,"GM7Q-CLH","Female",16
54080,"9FQS-GB7","Male",16
54081,"LRNV-QHF","Female",16
54082,"GFTY-WMC","Male",16
54083,"GFTY-1KW","Female",16
54084,"LRNV-Q28","Male",16
54085,"LRNV-3QH","Female",16
54086,"LVD6-W6G","Male",16
54087,"GFTY-TCL","Female",16
54096,"M4W2-T7Q","Male",16
54097,"M4W2-T78","Female",16
54098,"LZ4K-8S5","Male",16
54099,"L2WW-LFR","Female",16
54100,"94YS-MVD","Male",16
54101,"LD55-ZCX","Female",16
54102,"GH69-D2Q","Male",16
54103,"L1W9-B6W","Female",16
54104,"LHVD-3WD","Male",16
54105,"LB5M-DR9","Female",16
54106,"M5ZW-481","Male",16
54107,"LYTJ-ZCB","Female",16
54136,"L5NJ-CQW","Male",16
54137,"GX89-MGX","Female",16
54138,"MCM3-5D7","Male",16
54139,"L1X3-K29","Female",16
54142,"LK6R-QKP","Male",16
54143,"LK7F-Z39","Female",16
54272,"9CZP-NC1","Male",16
54273,"L7F4-SZ2","Female",16
54274,"9CNF-F64","Male",16
54275,"L5Y7-YCX","Female",16
54280,"LJGY-X1C","Male",16
54281,"LZK4-BRZ","Female",16
54282,"GZ6X-TXX","Male",16
54283,"GG7K-Y1T","Female",16
54284,"GD48-FCL","Male",16
54285,"GDKZ-8C6","Female",16
54286,"G2HG-SW4","Male",16
54287,"G2PM-CXR","Female",16
54288,"LCC6-HL3","Male",16
54289,"LH7P-B6W","Female",16
54291,"G4J7-G4Q","Female",16
54292,"MCSD-FH4","Male",16
54293,"KLBC-23L","Female",16
54294,"LRC7-DWS","Male",16
54295,"LX9L-J2H","Female",16
54312,"L585-N2V","Male",16
54313,"LTKG-61W","Female",16
54314,"LBPL-HZ5","Male",16
54315,"98F6-WM5","Female",16
54316,"LZPN-7M8","Male",16
54317,"LTY9-Q6T","Female",16
54318,"9MGJ-YDQ","Male",16
54319,"LVJG-BQ8","Female",16
54320,"LZNN-XDN","Male",16
54321,"LZGK-3W7","Female",16
54322,"G3TZ-P5G","Male",16
54323,"LLH4-ZMC","Female",16
54324,"MQDN-WVV","Male",16
54325,"L738-95V","Female",16
54328,"LYM8-9GF","Male",16
54329,"LYBT-4ST","Female",16
54330,"LJTK-7N7","Male",16
54331,"C8QT-LJD","Female",16
54332,"LZ2D-JXC","Male",16
54333,"M5WW-CCW","Female",16
54334,"9C87-HZ1","Male",16
54335,"LTBF-YTW","Female",16
54336,"LZX2-LJ4","Male",16
54337,"LZ4N-2SD","Female",16
54368,"L58K-14S","Male",16
54369,"LD22-MD8","Female",16
54370,"LHMJ-FSZ","Male",16
54371,"9W2R-6DQ","Female",16
54372,"LHNR-ZPM","Male",16
54373,"GFBZ-76B","Female",16
54374,"LVG8-WQS","Male",16
54375,"LD22-V48","Female",16
54376,"LZKH-88D","Male",16
54377,"K8G8-B3Y","Female",16
54378,"LHL3-CWV","Male",16
54379,"LHL3-C4H","Female",16
54384,"LY7P-XX9","Male",16
54385,"LY6R-MQS","Female",16
54388,"MDLM-Y7D","Male",16
54389,"2HM3-HZS","Female",16
54390,"9SM8-ZZX","Male",16
54391,"9SM8-7C4","Female",16
54400,"LW5B-5KR","Male",16
54401,"LC5V-J8H","Female",16
54402,"GKW7-H7G","Male",16
54403,"GKWQ-L74","Female",16
54406,"LCFK-X4R","Male",16
54407,"LCFK-CMR","Female",16
54408,"M2Z3-JC1","Male",16
54409,"GQSD-2TC","Female",16
54410,"LYY4-QP3","Male",16
54414,"932V-TKM","Male",16
54415,"LRW5-5T5","Female",16
54420,"LZ2D-JXC","Male",16
54421,"M5WW-CCW","Female",16
54422,"9C87-HZ1","Male",16
54423,"LTBF-YTW","Female",16
54424,"KF5J-6H8","Male",16
54425,"LCX4-Y55","Female",16
54426,"MQDN-WV7","Male",16
54427,"KP91-722","Female",16
54428,"G82P-S5B","Male",16
54429,"KNQF-8F6","Female",16
54430,"LCFK-X4R","Male",16
54431,"LCFK-CMR","Female",16
54432,"GHP5-RYT","Male",16
54433,"G62G-46T","Female",16
54444,"LBMC-5QQ","Male",16
54445,"MVD1-PBK","Female",16
54446,"G94D-41J","Male",16
54447,"LB58-8H2","Female",16
54448,"GHP5-RYT","Male",16
54449,"G62G-46T","Female",16
54464,"L26F-DLB","Male",16
54465,"LH3D-19T","Female",16
54466,"MMP1-S33","Male",16
54467,"MMP1-S79","Female",16
54470,"MXMH-ZHB","Male",16
54471,"4DQZ-9P5","Female",16
54472,"MZY7-JJM","Male",16
54473,"L8S4-GDR","Female",16
54476,"GDXC-FFZ","Male",16
54477,"M15J-13P","Female",16
54478,"GL3N-H8B","Male",16
54496,"G67B-4VH","Male",16
54497,"K2N2-3RZ","Female",16
54498,"GK3S-MTG","Male",16
54499,"GM7Q-CLH","Female",16
54504,"GZLY-954","Male",16
54505,"9V43-FP3","Female",16
54506,"MZB2-5FT","Male",16
54507,"G27P-2GG","Female",16
54508,"9CB7-259","Male",16
54509,"LCY7-SNF","Female",16
54510,"LZG2-F1D","Male",16
54511,"GS6P-2FN","Female",16
54512,"LVFX-D9X","Male",16
54513,"LRYP-N36","Female",16
54516,"MMSG-CNV","Male",16
54517,"GHJF-L19","Female",16
54520,"LV4N-JVL","Male",16
54521,"9JD7-L51","Female",16
54522,"LZDK-18X","Male",16
54523,"GLS1-R8D","Female",16
54524,"MFFL-3RF","Male",16
54525,"G681-D91","Female",16
54526,"G2LK-8Z1","Male",16
54536,"LH29-ZP5","Male",16
54537,"M4WT-FT8","Female",16
54538,"L5BS-244","Male",16
54539,"LCQL-F58","Female",16
54540,"G8SB-X5N","Male",16
54542,"GKVS-Q61","Male",16
54543,"GKV9-579","Female",16
54544,"LH29-ZP5","Male",16
54545,"M4WT-FT8","Female",16
54546,"L5BS-244","Male",16
54547,"LCQL-F58","Female",16
54560,"LZV8-SDF","Male",16
54561,"L847-KY2","Female",16
54562,"MTX1-RRL","Male",16
54563,"MW5T-461","Female",16
54568,"MFTN-JND","Male",16
54569,"L61T-V7C","Female",16
54570,"G3KD-1C9","Male",16
54571,"G3KD-RXH","Female",16
54584,"9HW4-1JW","Male",16
54585,"LHN6-1WT","Female",16
54602,"GSGN-BWG","Male",16
54603,"M6R2-TZT","Female",16
54608,"94RB-PL1","Male",16
54609,"L4BD-9RJ","Female",16
54620,"L5T1-63W","Male",16
54621,"GQQS-KKH","Female",16
54622,"L6BF-V9N","Male",16
54623,"L29R-T96","Female",16
54624,"GHC8-G6M","Male",16
54625,"GHC8-1NV","Female",16
54626,"LTLT-L5G","Male",16
54627,"MP9G-5S6","Female",16
54636,"L1CN-3T6","Male",16
54637,"L1CN-Q8Z","Female",16
54638,"LX33-XMC","Male",16
54639,"L55Y-PFP","Female",16
54640,"L6WN-WWD","Male",16
54641,"GGKB-PCX","Female",16
54642,"MPRY-TNP","Male",16
54643,"L58X-99K","Female",16
54644,"L8B7-HCN","Male",16
54645,"LTQH-Z4J","Female",16
54646,"96FZ-5Y4","Male",16
54652,"LYBN-NDS","Male",16
54653,"LCQH-G18","Female",16
54654,"GS28-DT5","Male",16
54655,"GD3K-1DY","Female",16
54680,"MWJ3-L56","Male",16
54681,"LD5K-YPP","Female",16
54682,"LZ29-BKT","Male",16
54683,"L56Z-FTW","Female",16
54684,"LJNT-YK3","Male",16
54685,"LC32-MND","Female",16
54686,"LJPC-KPC","Male",16
54687,"L4B4-M7P","Female",16
54688,"MMP7-XJJ","Male",16
54689,"LBV4-WF5","Female",16
54690,"2S2L-2ZB","Male",16
54691,"GCNR-QMP","Female",16
54692,"GX9R-HQD","Male",16
54693,"GXFC-V1C","Female",16
54694,"G3WB-WKS","Male",16
54695,"G3WB-L4X","Female",16
54696,"GN2B-FQ3","Male",16
54697,"GGX6-SLS","Female",16
54698,"GGLB-K9S","Male",16
54699,"GGLY-BCZ","Female",16
54704,"L5CP-G8M","Male",16
54705,"G9R4-YNB","Female",16
54706,"G9R4-G25","Male",16
54707,"KGH9-WL9","Female",16
54708,"GG97-SWS","Male",16
54709,"978M-KSG","Female",16
54710,"KCCL-QC6","Male",16
54711,"KHPB-SHB","Female",16
54712,"GLJW-CDJ","Male",16
54713,"GLJW-BXN","Female",16
54714,"G6BG-4FL","Male",16
54715,"G6BG-QT7","Female",16
54716,"GHMN-WRM","Male",16
54717,"GG6S-KMR","Female",16
54718,"GK8M-89C","Male",16
54719,"GK8M-X5R","Female",16
54720,"LYRD-Y1Q","Male",16
54721,"GNQK-DDQ","Female",16
54722,"G8CT-7J5","Male",16
54723,"GD92-YGV","Female",16
54724,"GKFS-V1Q","Male",16
54725,"GKFS-7FG","Female",16
54726,"LZVQ-9XB","Male",16
54727,"LTJK-HCX","Female",16
54728,"GGL5-ZQC","Male",16
54729,"MF3S-9RY","Female",16
54730,"GQKD-S4Q","Male",16
54731,"GLKY-GTC","Female",16
54734,"LBRN-BT6","Male",16
54735,"LTG8-ZJF","Female",16
54736,"LBT4-9B6","Male",16
54737,"GZLH-ZGH","Female",16
54738,"GSCV-TBB","Male",16
54739,"GV43-8XG","Female",16
55816,"273C-7ZT","Male",16
55817,"9VH3-XVX","Female",16
55824,"GH3L-781","Male",16
55825,"GH3L-DN3","Female",16
55848,"GH3L-86W","Male",16
55864,"G9J4-DP2","Male",16
55865,"9V36-SHK","Female",16
55936,"G3JL-HSF","Male",16
55937,"LZFM-68X","Female",16
55938,"LHWL-S3Q","Male",16
55939,"LHWL-956","Female",16
55944,"9KFV-ZPT","Male",16
55946,"G8T3-9TB","Male",16
55947,"G8TS-P9Y","Female",16
55972,"L5XX-D8D","Male",16
55973,"LHTQ-SF1","Female",16
55974,"G48N-P99","Male",16
55975,"GCX7-1DC","Female",16
55976,"GNQ2-PYN","Male",16
55978,"GNQL-MG1","Male",16
55992,"GFW3-TY2","Male",16
55993,"GFW3-1V1","Female",16
55994,"LRBF-85Y","Male",16
55995,"LRBF-FK2","Female",16
56132,"K23Z-MD3","Male",16
56133,"KZBM-VHD","Female",16
56134,"9NQX-D9P","Male",16
56135,"9NQX-D95","Female",16
56152,"KG65-QSH","Male",16
56153,"GSNM-B3D","Female",16
56154,"LH3M-XGX","Male",16
56155,"G78D-BGP","Female",16
56160,"G8TY-VX2","Male",16
56161,"G8TV-V9P","Female",16
56162,"LCVH-3F1","Male",16
56163,"LCVH-3P7","Female",16
56256,"G9X8-PQB","Male",16
56257,"GK4J-Q5D","Female",16
56258,"KC1K-GXR","Male",16
56259,"MTLH-3ZR","Female",16
56288,"9KGM-TFK","Male",16
56289,"KCG2-ZFX","Female",16
56290,"KCQJ-KW2","Male",16
56291,"GVW8-N56","Female",16
56292,"KZ1N-RF6","Male",16
56293,"LVS8-1MF","Female",16
56294,"L4S6-2VX","Male",16
56295,"LWY2-TLB","Female",16
57090,"GXTL-GZM","Male",16
57091,"GXTL-VFH","Female",16
57108,"G259-RFD","Male",16
57110,"G25S-87F","Male",16
57114,"GQLC-2GM","Male",16
57115,"GQLC-FBG","Female",16
57116,"G8DR-KQM","Male",16
57117,"GHHT-WVY","Female",16
57118,"GQLC-JFN","Male",16
57119,"GQLC-VMQ","Female",16
57152,"LR34-9JM","Male",16
57153,"LR34-SVQ","Female",16
57174,"G68D-HLT","Male",16
57504,"GJH8-31R","Male",16
57505,"GH94-L3P","Female",16
57506,"GJH8-MGR","Male",16
57507,"GJH8-3XR","Female",16
57520,"L1C8-431","Male",16
57521,"GK3M-582","Female",16
57522,"G7WC-C15","Male",16
57523,"G45Q-KTB","Female",16
57528,"LLMX-LR1","Male",16
57529,"LLMX-LTK","Female",16
57530,"GFK5-7BR","Male",16
57531,"GCS1-KHT","Female",16
57536,"GQF4-VSH","Male",16
57537,"GMJ7-JV8","Female",16
57538,"LBQB-DG3","Male",16
57539,"LTKY-JBG","Female",16
57540,"M89N-Z66","Male",16
57541,"GVL3-MN6","Female",16
57542,"L2QG-XJV","Male",16
57543,"LYRH-3Y3","Female",16
57546,"LCJB-SJY","Male",16
57547,"LZF6-KR9","Female",16
57548,"L1WW-GWT","Male",16
57549,"L1WW-ZFG","Female",16
57550,"GDP2-VZW","Male",16
57560,"L1XF-BNG","Male",16
57561,"GVT4-SWW","Female",16
57664,"KNWD-389","Male",16
57665,"GZLH-FZR","Female",16
57668,"G8DN-B2Z","Male",16
57669,"G8DJ-SM7","Female",16
57670,"LY8Q-H41","Male",16
57671,"LKXB-QRB","Female",16
57936,"GWYQ-BVD","Male",16
57937,"GQG9-CHP","Female",16
57938,"GWYQ-PJV","Male",16
57939,"GXZW-71X","Female",16
57940,"LZBP-XXH","Male",16
57941,"G75C-PQ5","Female",16
57942,"GXZ5-HBJ","Male",16
57943,"GXZ5-8LH","Female",16
57952,"GL42-9F5","Male",16
57953,"KZLW-H8K","Female",16
57954,"GL42-LPC","Male",16
57955,"GL42-5N3","Female",16
57956,"GKCW-PSF","Male",16
57957,"GKCW-TTM","Female",16
57958,"GL4G-7TX","Male",16
57959,"GL4G-4N3","Female",16
57960,"LVG8-QFP","Male",16
57961,"9NFH-5YJ","Female",16
57962,"LZR4-VT5","Male",16
57963,"LZR4-VTR","Female",16
57966,"LBN1-WSY","Male",16
57967,"GK3S-Q6D","Female",16
57968,"9NPZ-NRL","Male",16
57969,"LD39-TBC","Female",16
57970,"GX59-ZML","Male",16
57971,"GX57-Z1M","Female",16
57972,"G86M-LBW","Male",16
57973,"G869-VC7","Female",16
57974,"G86M-F67","Male",16
57975,"GJ3W-K6N","Female",16
57976,"G7N9-BC2","Male",16
57977,"G7NS-MXX","Female",16
57980,"LKVB-G52","Male",16
57981,"LB7P-3MV","Female",16
57982,"GSNZ-6FM","Male",16
57983,"LT7S-HLW","Female",16
58064,"93QY-H15","Male",16
58065,"93QJ-C5S","Female",16
58066,"K8JZ-JSP","Male",16
58067,"KHZY-NC1","Female",16
58128,"GH89-QN5","Male",16
58129,"GSVL-ZMV","Female",16
58130,"2ZSW-XCW","Male",16
58131,"G992-571","Female",16
58132,"LJKQ-X7B","Male",16
58133,"GDSX-8KK","Female",16
58134,"GDSX-JFY","Male",16
58135,"G7TR-5TR","Female",16
58144,"LCT6-K6X","Male",16
58145,"LZ99-QBP","Female",16
58146,"LB8J-29Y","Male",16
58147,"LB8J-X93","Female",16
58148,"GSBK-DTC","Male",16
58149,"G68X-29M","Female",16
58150,"G8DB-WS6","Male",16
58151,"GFQQ-T58","Female",16
58152,"GLV3-TCL","Male",16
58153,"M1Y6-26T","Female",16
58154,"K64R-2ZF","Male",16
58155,"K67F-FYN","Female",16
58156,"GWMD-YVB","Male",16
58157,"GWP1-HYP","Female",16
58159,"GQC4-6TN","Female",16
58160,"MBYX-79X","Male",16
58161,"L8Y1-GCV","Female",16
58162,"LBTJ-G6R","Male",16
58163,"M3G3-KKY","Female",16
58168,"G6PM-ZFJ","Male",16
58169,"GQCX-67G","Female",16
58240,"G67T-V6Y","Male",16
58241,"GSBV-B5P","Female",16
58244,"LB1V-L8K","Male",16
58245,"LBB3-FLK","Female",16
58246,"LZN7-W1G","Male",16
58247,"M1Y6-26T","Female",16
58248,"GG5Q-R3Q","Male",16
58249,"GG5Q-H7M","Female",16
58252,"LYLX-4K4","Male",16
58253,"GGSS-V1P","Female",16
58254,"LK7G-1VP","Male",16
58255,"LVDY-HRW","Female",16
58256,"KZKM-K1Z","Male",16
58257,"LD39-Y4Q","Female",16
58258,"LK17-VT1","Male",16
58259,"LK17-KMS","Female",16
58260,"2Z4Z-WFW","Male",16
58261,"GGQY-4XP","Female",16
58272,"93HY-M7Q","Male",16
58273,"93HY-MW3","Female",16
58274,"L6QT-24X","Male",16
58275,"KZPH-PG6","Female",16
58276,"MJ1M-GCD","Male",16
58277,"KNDX-3BV","Female",16
58278,"LR4N-JZL","Male",16
58279,"MGQP-D35","Female",16
58288,"M2KC-1F6","Male",16
58289,"M2K3-V3G","Female",16
58292,"LZNZ-ZP7","Male",16
58293,"LHP8-RYG","Female",16
58294,"LHZ9-TVV","Male",16
58295,"GSZ3-FBF","Female",16
58304,"LH86-3LD","Male",16
58305,"GCF2-HDM","Female",16
58306,"LWJL-HK7","Male",16
58308,"LVGT-XKS","Male",16
58309,"LCQV-RLD","Female",16
58310,"L41C-Q32","Male",16
58311,"94VD-SNP","Female",16
58312,"GL21-XP8","Male",16
58313,"GL21-6GD","Female",16
58314,"GL21-FGW","Male",16
58315,"GL21-L59","Female",16
58316,"GLLM-SHD","Male",16
58317,"9KD8-W9R","Female",16
58318,"GCFG-15V","Male",16
58319,"GCFP-7CC","Female",16
58320,"LK9S-931","Male",16
58321,"GJCB-DMC","Female",16
58322,"L41C-Q32","Male",16
58323,"94VD-SNP","Female",16
58324,"GS6B-MFZ","Male",16
58325,"GS6B-VDL","Female",16
58326,"GXW5-PFN","Male",16
58327,"LYKN-D3T","Female",16
58328,"LH86-3LD","Male",16
58329,"GCF2-HDM","Female",16
58330,"LWJL-HK7","Male",16
58332,"LVGT-XKS","Male",16
58333,"LCQV-RLD","Female",16
58334,"L41C-Q32","Male",16
58335,"94VD-SNP","Female",16
58340,"LBQZ-T19","Male",16
58342,"LBQZ-1K1","Male",16
58343,"LBQZ-Y33","Female",16
58336,"GQZR-LS9","Male",16
58337,"GJBZ-SHB","Female",16
58338,"LK3M-HL4","Male",16
58339,"GQZR-RB6","Female",16
58344,"KP91-7NL","Male",16
58345,"MYWF-JP7","Female",16
58346,"LBQX-DJ7","Male",16
58348,"LRHT-SCM","Male",16
58349,"LRHT-9BM","Female",16
58352,"GZC8-PJW","Male",16
58353,"GZC8-JGD","Female",16
58354,"GZCD-WQ7","Male",16
58355,"GZCD-44M","Female",16
58356,"GLQM-BRS","Male",16
58357,"GLQM-1BP","Female",16
59676,"9X16-L9S","Male",16
59677,"L5T9-6MQ","Female",16
59678,"GV16-D5N","Male",16
59680,"9KJM-JRX","Male",16
59681,"LBB8-839","Female",16
59712,"LZD7-NWS","Male",16
59713,"KLBS-NC2","Female",16
59716,"M82D-SVQ","Male",16
59717,"GZFW-2JQ","Female",16
59718,"GLM4-4KX","Male",16
59719,"GLM4-FKG","Female",16
59744,"9KBQ-15R","Male",16
59745,"L5JC-2VD","Female",16
59748,"GD5F-HHY","Male",16
59749,"KHXL-38J","Female",16
59750,"LYW5-52M","Male",16
59751,"GFMK-D91","Female",16
59752,"LLC4-7T8","Male",16
59753,"LVCG-6VB","Female",16
59756,"L56Z-WD8","Male",16
59757,"LBGG-SGL","Female",16
59758,"MFYV-XNY","Male",16
59759,"M2C1-V33","Female",16
59760,"LBCK-XTW","Male",16
59761,"LTP9-LD8","Female",16
59762,"9W6B-HWD","Male",16
59763,"GG4C-L6K","Female",16
59764,"MQ1T-81S","Male",16
59765,"4S46-BTS","Female",16
59776,"LVKT-8YD","Male",16
59777,"LH1B-VX5","Female",16
59778,"GKF1-99K","Male",16
59779,"GL4R-XZY","Female",16
59784,"LX75-8QM","Male",16
59785,"LHLK-92C","Female",16
59786,"LBZJ-NK1","Male",16
59787,"M76J-W6T","Female",16
59788,"L8LJ-RKG","Male",16
59789,"LCBP-FH2","Female",16
59790,"LCTH-DPN","Male",16
59791,"L58F-9CP","Female",16
59792,"GGR4-YS3","Male",16
59796,"LX2Q-J6D","Male",16
59797,"KHKP-XBP","Female",16
59828,"LZ42-2DW","Male",16
59829,"G86W-JNJ","Female",16
59830,"G8JV-GBX","Male",16
59831,"G86W-WKC","Female",16
59836,"LVL4-LKC","Male",16
59837,"KXDZ-WJK","Female",16
59838,"MCKZ-RF1","Male",16
59839,"L2WM-ZZ6","Female",16
59872,"KNBS-XPB","Male",16
59873,"LCT6-CPS","Female",16
59874,"MHGW-G3P","Male",16
59875,"4WSH-7F4","Female",16
59896,"KF26-S2X","Male",16
59897,"GCLH-YJC","Female",16
59898,"G4N8-YDN","Male",16
59899,"KHV4-WZX","Female",16
59904,"G361-FPN","Male",16
59905,"GGQM-1WT","Female",16
59906,"LVX3-CSP","Male",16
59907,"LVX8-3FX","Female",16
59908,"LZXM-7T6","Male",16
59909,"L8P5-3LP","Female",16
59936,"GKHN-HQR","Male",16
59937,"GCQQ-T5W","Female",16
59938,"GQRY-SXF","Male",16
59939,"9DZZ-WWS","Female",16
59940,"G77C-VHT","Male",16
59941,"GCW2-FVM","Female",16
59942,"G9P1-MYJ","Male",16
59943,"LKR8-6GL","Female",16
59944,"MQMV-7VR","Male",16
59945,"GL7K-W16","Female",16
59946,"2WH1-BT3","Male",16
59947,"LHGJ-N3W","Female",16
59952,"L6B5-GBR","Male",16
59953,"GS2Y-J7B","Female",16
59954,"LTWV-VLF","Male",16
59955,"LZDV-5W6","Female",16
59956,"GXPL-WM9","Male",16
59957,"GXP8-YRY","Female",16
59958,"GV43-CKX","Male",16
59959,"GV4S-RYK","Female",16
59968,"G2VY-2BX","Male",16
59969,"G2VY-J2W","Female",16
59970,"GLHQ-5LL","Male",16
59971,"G9NJ-82R","Female",16
59972,"LDS9-CZZ","Male",16
59973,"LCRN-LMW","Female",16
59974,"MNRV-774","Male",16
59975,"MVTV-ZDZ","Female",16
59978,"G3MN-Z3P","Male",16
59979,"GM1D-RRH","Female",16
59984,"LT6F-5M5","Male",16
59985,"GFQG-ZGK","Female",16
59988,"GZMK-D7K","Male",16
59990,"GH55-KK9","Male",16
59991,"MXRY-SQG","Female",16
59996,"MY9B-FWR","Male",16
59997,"LHCW-BM7","Female",16
59998,"G752-TGB","Male",16
59999,"LBR7-Y8Q","Female",16
60008,"9CN6-6GJ","Male",16
60009,"LDJL-PWR","Female",16
60010,"MLXC-CWW","Male",16
60011,"MLXC-C4Q","Female",16
60016,"GH89-QN5","Male",16
60017,"GSVL-ZMV","Female",16
60018,"2ZSW-XCW","Male",16
60019,"G992-571","Female",16
60020,"LJKQ-X7B","Male",16
60021,"GDSX-8KK","Female",16
60022,"GDSX-JFY","Male",16
60023,"G7TR-5TR","Female",16
60024,"G8WW-R8Y","Male",16
60025,"L7XY-1C4","Female",16
60028,"M6BH-F73","Male",16
60029,"M6YJ-47W","Female",16
60030,"LD84-HXJ","Male",16
60031,"GQKF-C5D","Female",16
60092,"GLFY-LR4","Male",16
60104,"MTQR-VWH","Male",16
60105,"LKCH-JBX","Female",16
60106,"LCVV-PLF","Male",16
60107,"LCVV-PLT","Female",16
60108,"GW2N-YY9","Male",16
60109,"GFXW-9CQ","Female",16
60110,"GFX7-B39","Male",16
60111,"LH5W-JSC","Female",16
60128,"GDWY-Z92","Male",16
60129,"L8ZD-4BV","Female",16
60130,"GXXJ-CSF","Male",16
60131,"9KSF-HS4","Female",16
60132,"L6GC-832","Male",16
60133,"9HLC-FYL","Female",16
60134,"LDV4-FJ7","Male",16
60135,"L6SW-LGL","Female",16
60136,"GXDK-9MY","Male",16
60137,"MR81-KBR","Female",16
60138,"LZK2-CXV","Male",16
60139,"L679-M38","Female",16
60140,"9NSP-Q3F","Male",16
60141,"L19B-VLH","Female",16
60142,"GGVF-FYT","Male",16
60143,"LZL2-P8G","Female",16
60144,"GD8C-JF3","Male",16
60145,"LV1R-992","Female",16
60146,"GGHP-J9C","Male",16
60147,"GGHP-2Y4","Female",16
60160,"G4QZ-BSR","Male",16
60161,"G4QZ-KTS","Female",16
60162,"GNQ1-X8M","Male",16
60166,"MSGX-Q1C","Male",16
60168,"G9QH-X25","Male",16
60169,"G9QH-ZTK","Female",16
60170,"G962-5V9","Male",16
60171,"GFML-54D","Female",16
60172,"GDCD-THM","Male",16
60176,"LY1M-VC6","Male",16
60177,"9C1F-HHB","Female",16
60178,"G9PR-R1Q","Male",16
60179,"G9PT-Q9P","Female",16
60180,"LTXL-DLQ","Male",16
60181,"GDXF-Q9Y","Female",16
60208,"L4HN-2LT","Male",16
60209,"GM94-H8V","Female",16
60210,"GHD6-GTB","Male",16
60211,"GQSF-1TN","Female",16
60248,"LBXM-12H","Male",16
60249,"L7NL-5CT","Female",16
60250,"GSKF-R2Y","Male",16
60251,"L7JY-M41","Female",16
60252,"LRWR-TGZ","Male",16
60253,"LD5G-GQ6","Female",16
60256,"LV9P-6MK","Male",16
60257,"9KXR-NBQ","Female",16
60258,"L6DQ-VRK","Male",16
60259,"LVN2-43D","Female",16
60273,"G46P-SVW","Female",16
60280,"LDCW-QGM","Male",16
60282,"G6RG-G5F","Male",16
60283,"G6RN-SFB","Female",16
60348,"GLFY-LR4","Male",16
60360,"MTQR-VWH","Male",16
60361,"LKCH-JBX","Female",16
60362,"LCVV-PLF","Male",16
60363,"LCVV-PLT","Female",16
60364,"GW2N-YY9","Male",16
60365,"GFXW-9CQ","Female",16
60366,"GFX7-B39","Male",16
60367,"LH5W-JSC","Female",16
60384,"GDWY-Z92","Male",16
60385,"L8ZD-4BV","Female",16
60386,"GXXJ-CSF","Male",16
60387,"9KSF-HS4","Female",16
60388,"L6GC-832","Male",16
60389,"9HLC-FYL","Female",16
60390,"LDV4-FJ7","Male",16
60391,"L6SW-LGL","Female",16
60392,"GXDK-9MY","Male",16
60393,"MR81-KBR","Female",16
60394,"LZK2-CXV","Male",16
60395,"L679-M38","Female",16
60396,"9NSP-Q3F","Male",16
60397,"L19B-VLH","Female",16
60398,"GGVF-FYT","Male",16
60399,"LZL2-P8G","Female",16
60400,"GD8C-JF3","Male",16
60401,"LV1R-992","Female",16
60402,"GGHP-J9C","Male",16
60403,"GGHP-2Y4","Female",16
60440,"LVJB-51W","Male",16
60441,"9HC7-SFV","Female",16
60450,"LJ1Q-CZF","Male",16
60451,"LZNL-BW8","Female",16
60452,"MD48-9PP","Male",16
60453,"GS7Y-1RP","Female",16
60456,"GSXC-ZHF","Male",16
60457,"GSXC-XW4","Female",16
60458,"G219-3XY","Male",16
60459,"G219-M3C","Female",16
60461,"LZ29-ZNZ","Female",16
60462,"LY46-4TQ","Male",16
60463,"GQ7C-T8R","Female",16
60469,"G85N-1XF","Female",16
60472,"GVH6-LPT","Male",16
60473,"LCH6-KQH","Female",16
60474,"K4Z1-NYY","Male",16
60476,"2S22-1KV","Male",16
60477,"LT93-DKV","Female",16
60482,"LJ1Q-CZF","Male",16
60483,"LZNL-BW8","Female",16
60484,"MD48-9PP","Male",16
60485,"GS7Y-1RP","Female",16
60488,"GSXC-ZHF","Male",16
60489,"GSXC-XW4","Female",16
60490,"G219-3XY","Male",16
60491,"G219-M3C","Female",16
60493,"LZ29-ZNZ","Female",16
60494,"LY46-4TQ","Male",16
60495,"GQ7C-T8R","Female",16
60501,"G85N-1XF","Female",16
60504,"GVH6-LPT","Male",16
60505,"LCH6-KQH","Female",16
60506,"K4Z1-NYY","Male",16
60508,"2S22-1KV","Male",16
60509,"LT93-DKV","Female",16
60928,"G87Z-Q7T","Male",16
60929,"G3ZG-FCJ","Female",16
60930,"L62Z-KMF","Male",16
60931,"L62Z-KS9","Female",16
60936,"GQKN-SXJ","Male",16
60937,"MKRR-HXX","Female",16
60940,"L1Q5-8XG","Male",16
60941,"LVJ6-C3P","Female",16
60942,"LJKT-YT9","Male",16
60943,"GZR6-HT4","Female",16
60952,"LWV2-H3C","Male",16
60953,"G24R-YSD","Female",16
60954,"L2BD-SGM","Male",16
60955,"LTLV-57Y","Female",16
60956,"LYW2-8NM","Male",16
60957,"LYW2-8NZ","Female",16
60958,"LYW2-6FS","Male",16
60959,"GMYW-8XR","Female",16
61040,"LV39-HG1","Male",16
61041,"G9J5-3J5","Female",16
61056,"GLMW-CGN","Male",16
61058,"GS3X-T4L","Male",16
61059,"G6RP-MSK","Female",16
61068,"GV2N-X51","Male",16
61069,"G4YS-LJC","Female",16
61092,"LCFK-LTQ","Male",16
61093,"GQNT-28C","Female",16
61094,"G8FW-HX9","Male",16
61095,"GH55-V75","Female",16
61098,"G3MN-Z3P","Male",16
61099,"GM1D-RRH","Female",16
61120,"G4SH-X1H","Male",16
61122,"LZ46-B87","Male",16
61123,"LZ46-B86","Female",16
61128,"G48Z-DDW","Male",16
61129,"L28H-HGG","Female",16
61130,"GXNM-JJX","Male",16
61131,"GQXT-N82","Female",16
61132,"GKW2-C5T","Male",16
61133,"MSYX-M21","Female",16
61160,"GDST-84M","Male",16
61161,"KHZ3-92M","Female",16
61162,"LYTF-CN2","Male",16
61163,"LC1B-7NV","Female",16
61164,"L52Y-SCM","Male",16
61165,"L52T-15M","Female",16
61166,"GWC4-ZGX","Male",16
61167,"GHCB-4SP","Female",16
61168,"GG35-SXJ","Male",16
61169,"GDQJ-32S","Female",16
61170,"GQTL-87T","Male",16
61171,"L296-WLW","Female",16
61172,"9N3T-B5B","Male",16
61173,"GC9S-7XJ","Female",16
61174,"KNHM-36H","Male",16
61175,"LCF2-TLQ","Female",16
61440,"GHDZ-2GL","Male",16
61441,"GJLW-KVV","Female",16
61442,"GV52-VJ9","Male",16
61443,"GVYJ-KPN","Female",16
61448,"LL7L-SHG","Male",16
61449,"LL7L-SCX","Female",16
61576,"LZGB-9RB","Male",16
61577,"LHLG-5VB","Female",16
61578,"GXSJ-RM8","Male",16
61579,"GXSJ-RM6","Female",16
61580,"G786-2HR","Male",16
61581,"GWJL-QLN","Female",16
61632,"GHDZ-2GL","Male",16
61633,"GJLW-KVV","Female",16
61634,"GV52-VJ9","Male",16
61635,"GVYJ-KPN","Female",16
61640,"LL7L-SHG","Male",16
61641,"LL7L-SCX","Female",16
61728,"LJYQ-XL6","Male",16
61729,"LVMC-LW4","Female",16
61730,"L7JT-T4D","Male",16
61731,"GQ8N-LXH","Female",16
61732,"GV46-F53","Male",16
61734,"L18X-S8Q","Male",16
61735,"LBJR-5J6","Female",16
61744,"K422-P7S","Male",16
61745,"LRWV-M7Y","Female",16
61746,"LB2G-CKS","Male",16
61747,"GGF2-Z73","Female",16
61748,"MRL4-4HT","Male",16
61749,"224H-FPN","Female",16
61750,"LH2V-RD6","Male",16
61751,"LH5W-4T5","Female",16
61752,"L5PT-FL6","Male",16
61753,"LT4B-6GM","Female",16
61754,"LK9W-JZF","Male",16
61755,"LY3W-K7X","Female",16
61756,"9X1J-7SX","Male",16
61760,"KNZG-VFH","Male",16
61761,"LZVZ-C35","Female",16
61762,"KC8Z-WTN","Male",16
61763,"LHSC-CZZ","Female",16
61774,"MHHY-CBZ","Male",16
61775,"GGRJ-36J","Female",16
61776,"LCY4-D79","Male",16
61777,"LVGV-SJ5","Female",16
61778,"LKFF-MTV","Male",16
61779,"L711-Q7J","Female",16
61780,"LV8V-5WJ","Male",16
61781,"MM61-R3X","Female",16
61782,"LHT7-8X8","Male",16
61783,"L5K9-J5Z","Female",16
61784,"29HB-DWP","Male",16
61785,"29HB-DM2","Female",16
61786,"L457-4H4","Male",16
61787,"LH7Z-T6J","Female",16
61788,"GGG7-4P6","Male",16
61789,"GGGQ-T84","Female",16
61790,"LRYG-SJG","Male",16
61791,"LRYL-Y9H","Female",16
61848,"G6DV-37V","Male",16
61849,"G6DV-6XN","Female",16
65056,"GVVD-DRP","Male",16
65057,"LZS9-TZ5","Female",16
65058,"M6H2-42P","Male",16
65059,"M6H2-4RQ","Female",16
65060,"LZ2Z-7WB","Male",16
65061,"LZJY-KZX","Female",16
65062,"GGJ4-78G","Male",16
65065,"LZN7-LZ6","Female",16
65066,"L78F-C8D","Male",16
65067,"GJ18-36T","Female",16
65088,"LJVR-LYZ","Male",16
65089,"LR43-HTV","Female",16
65090,"GCLH-YM5","Male",16
65091,"G87Q-VBK","Female",16
65094,"GLDP-Y2Q","Male",16
65095,"LZF4-F7C","Female",16
65096,"LK58-892","Male",16
65097,"LK58-89H","Female",16
65098,"GDKS-91B","Male",16
65099,"GDKS-HF6","Female",16
65100,"GGGK-KLF","Male",16
65101,"GGGK-FCR","Female",16
65113,"L1T7-V1D","Female",16
65112,"GMDT-S86","Male",16
65114,"G2Q9-VWC","Male",16
65115,"GW9Y-PTC","Female",16
65116,"GHGC-VPK","Male",16
65117,"G8W9-943","Female",16
65118,"GFPH-QVG","Male",16
65184,"MKMD-VS4","Male",16
65185,"MKMD-V2D","Female",16
65188,"GX2H-W9K","Male",16
65189,"GL2K-HF6","Female",16
65224,"L8RH-566","Male",16
65225,"LZX1-XGK","Female",16
65226,"GKK8-P4S","Male",16
65227,"GKKD-4TJ","Female",16
65228,"LRZV-KL2","Male",16
65229,"G2FG-CSB","Female",16
