"fid","parent","gender"
"2472-Q4C","247P-BCB","Male"
"2472-Q4C","247P-BN4","Female"
"24R3-34W","GMR1-9SS","Male"
"24R3-34W","G3PG-MQ3","Female"
"24RL-5Q2","M438-Y8R","Male"
"24RL-5Q2","L1DQ-TYL","Female"
"273C-Q73","LH84-SK2","Male"
"273C-Q73","LW9M-4CW","Female"
"273C-Q82","LZXJ-1LJ","Female"
"278V-D5D","G2XZ-WCP","Male"
"278V-D5D","M9F4-LX6","Female"
"27S1-515","LHKZ-DJG","Male"
"27S1-515","LZD2-6HT","Female"
"2CNB-3WT","L7GZ-1LS","Male"
"2CNB-3WT","MKFF-J4J","Female"
"2CNY-4TZ","GGQM-THC","Male"
"2CNY-4TZ","GLLF-4CD","Female"
"2J3H-VNX","LZSQ-M3C","Male"
"2J3H-VNX","LWLS-5T6","Female"
"2J7F-BLM","L8SF-2N1","Male"
"2J7F-BLM","LH38-W3J","Female"
"2JYT-CQF","LZ84-61C","Male"
"2JYT-CQF","GDH2-HG8","Female"
"2MJ4-ZXD","GGCJ-7H9","Male"
"2SH6-P6L","L1H2-GPQ","Male"
"2SH6-P6L","LHLW-YKR","Female"
"2W25-CF3","9WMK-G8T","Male"
"2W25-CF3","MFGM-PCD","Female"
"2WN2-CTJ","GLJY-1NP","Male"
"2WN2-CTJ","GLJB-ZJN","Female"
"2Z39-TMS","MQ23-8QW","Male"
"2Z39-TMS","9N83-41R","Female"
"2ZS4-MJP","LTH8-G8H","Male"
"2ZS4-MJP","G8CT-4PJ","Female"
"2ZSC-VWX","L519-8KC","Male"
"2ZSC-VWX","9MQD-9FV","Female"
"8B91-NBN","LKRH-HZ5","Male"
"8B91-NBN","L6ZH-47V","Female"
"933D-4PJ","MJSX-ZL7","Male"
"93WJ-W32","KXML-7XC","Male"
"93WJ-W32","M9MF-PND","Female"
"9425-H1W","LKP8-R87","Male"
"9425-H1W","GXGC-3S1","Female"
"94KY-5WF","GNVD-JMZ","Male"
"94KY-5WF","GNVD-CB4","Female"
"971N-SXM","LZV6-VDJ","Male"
"971N-SXM","9DTT-B4C","Female"
"97D6-6VL","LC3L-QTJ","Male"
"97D6-6VL","L8W9-QXF","Female"
"98KF-K7W","LZN8-N72","Male"
"98KF-K7W","94QW-5B5","Female"
"99KF-WR6","LTZ3-QBX","Male"
"99KF-WR6","MMBF-6QD","Female"
"99WH-WYF","LZ2F-MM7","Male"
"99WH-WYF","LHVB-P72","Female"
"9C3Q-FTP","LCJV-PJV","Male"
"9C3Q-FTP","LZV3-Y1Q","Female"
"9C7P-8NG","9WFC-R9G","Male"
"9C7P-8NG","LH7F-3VF","Female"
"9CH3-3YK","GVMH-2NV","Male"
"9CH3-3YK","M5P6-9L9","Female"
"9CJF-L66","LCY7-Y2Z","Male"
"9CJF-L66","KNQF-8V1","Female"
"9CSG-XNJ","LJ59-498","Male"
"9CSG-XNJ","KNZC-HSP","Female"
"9FDP-FP8","LR5H-Q31","Male"
"9FDP-FP8","LR5H-3VC","Female"
"9H5S-VSB","LRDR-192","Male"
"9H5S-VSB","K6HN-S6V","Female"
"9H7T-23M","LHSP-VG7","Male"
"9H7T-23M","LZ8G-13L","Female"
"9HLS-K82","9CX3-VJZ","Male"
"9HLS-K82","KN3Q-G5J","Female"
"9HWJ-D1G","MHF1-GJM","Male"
"9HWJ-D1G","LCXD-W4Q","Female"
"9HZX-PN8","LH1P-T42","Male"
"9HZX-PN8","9H7Q-96C","Female"
"9M1J-RT8","KNWZ-35T","Male"
"9M1J-RT8","KN7C-PJM","Female"
"9MQ6-T6K","9MQ6-YH8","Male"
"9MQ6-T6K","LJYZ-951","Female"
"9NSH-J3W","LV3S-12M","Male"
"9NSH-J3W","LHTP-J6D","Female"
"9Q79-D4W","LZ8B-P7G","Male"
"9Q79-D4W","G25M-718","Female"
"9QZY-X43","G9LN-5BP","Male"
"9QZY-X43","C6RW-LD3","Female"
"9SQ5-XQ1","M2HJ-YXC","Male"
"9SQ5-XQ1","LRD7-6PR","Female"
"9SWX-LGC","L5FQ-8ND","Male"
"9SWX-LGC","K1D9-YFQ","Female"
"9V72-SF1","L8P5-9D7","Male"
"9V72-SF1","GQ33-5FX","Female"
"9VW1-RM4","L8MR-JWC","Male"
"9VW1-RM4","LCTG-GDK","Female"
"9ZZW-JJ9","GHZF-RRD","Male"
"9ZZW-JJ9","GHZF-642","Female"
"FBSG-ZR8","G92P-C53","Male"
"FYFQ-6H2","LVN4-S6S","Male"
"FYFQ-6H2","LHTQ-G4F","Female"
"G31V-Z7J","G21B-XWP","Male"
"G31V-Z7J","G21B-8M1","Female"
"G3FH-Z7Y","G9BX-6C8","Male"
"G3FH-Z7Y","GJ9D-YWL","Female"
"G3PV-HZ3","LCZ1-TGP","Male"
"G3PV-HZ3","G2WB-KN5","Female"
"G3YY-8G1","MPYC-V2Z","Male"
"G3YY-8G1","MPYC-V2R","Female"
"G3ZV-VDT","M3TT-NCD","Male"
"G3ZV-VDT","M3TT-NZ9","Female"
"G4N2-LSN","KP41-ZHF","Male"
"G4N2-LSN","L6CF-Y2T","Female"
"G4VF-F23","LYTP-924","Male"
"G4VF-F23","9788-PXV","Female"
"G613-WR6","MNQ2-M7J","Male"
"G613-WR6","MNQ2-MWC","Female"
"G6K2-TDK","G6KL-S19","Male"
"G6K2-TDK","G6KL-MPY","Female"
"G786-2KJ","MF5B-81P","Male"
"G786-2KJ","GCRN-YNK","Female"
"G7FR-89L","LZ15-NBC","Male"
"G7FR-89L","LD32-187","Female"
"G89N-2LN","LT26-GVL","Male"
"G89N-2LN","4221-9Y1","Female"
"G8FH-DFL","LBZZ-846","Male"
"G8FH-DFL","GLV3-815","Female"
"G8VN-TVM","GN4Y-VYS","Male"
"G8VN-TVM","GN4Y-5T3","Female"
"G93D-2Z4","GVW8-MDP","Male"
"G9QC-F47","L51L-WWQ","Male"
"G9QC-F47","4D7S-72R","Female"
"G9Z1-RFP","KLGM-377","Male"
"G9Z1-RFP","L4J3-T3G","Female"
"GC4Z-DYZ","GXWK-2L1","Male"
"GC4Z-DYZ","GC46-VB1","Female"
"GCGM-X93","GDWS-RJP","Male"
"GCGM-X93","GDGK-MH1","Female"
"GCRR-39Y","GZW3-BVC","Male"
"GCRR-39Y","LDSY-V6T","Female"
"GD5D-8DX","G3WP-ZRN","Male"
"GD5D-8DX","M79V-QTK","Female"
"GDKS-8JS","GXSL-TMD","Male"
"GDKS-8JS","K6HY-MDW","Female"
"GDL4-3PV","LHLY-BQ1","Male"
"GDL4-3PV","MBGH-S8P","Female"
"GDS9-PKQ","L2GG-MKL","Male"
"GDS9-PKQ","L2GG-MGK","Female"
"GDYP-K8G","GX32-H5L","Male"
"GDYP-K8G","GX32-Q8Y","Female"
"GF14-8PR","GF14-XMP","Male"
"GF14-SFP","GJ7T-FV7","Male"
"GF14-SFP","GJ7T-H12","Female"
"GFDQ-XML","GFDQ-ZGZ","Male"
"GFDQ-XML","GFDQ-6XY","Female"
"GFJY-B71","LT61-JWC","Male"
"GFWM-6JS","GFWM-K36","Male"
"GFWM-6JS","GFWM-DMC","Female"
"GG9D-21Y","GCDX-Y1F","Male"
"GG9D-21Y","GCDF-SCP","Female"
"GGCJ-7H9","9VTN-V4T","Male"
"GGCJ-7H9","LZL1-1ZS","Female"
"GGCJ-VX7","L6DG-BL3","Male"
"GGCJ-VX7","24RL-5Q2","Female"
"GH6W-GD4","LBHY-ST6","Male"
"GH6W-GD4","MDNN-RVZ","Female"
"GHHP-TBM","GDLH-V89","Male"
"GHHP-TBM","G8TV-T6B","Female"
"GJ96-SKH","LBJZ-R2L","Male"
"GJ96-SKH","LBJZ-RL8","Female"
"GJMK-GQK","L5YQ-1P5","Male"
"GJMK-GQK","9S1F-SK9","Female"
"GK6J-2T9","G297-L1H","Male"
"GK6J-2T9","G29W-D4Z","Female"
"GK6J-63H","G6QZ-D8F","Male"
"GK6J-63H","KCHK-NG1","Female"
"GK6V-3Y9","GKYJ-LNY","Male"
"GK6V-3Y9","MKFJ-18G","Female"
"GKGF-XSV","MHDN-3JD","Male"
"GKGF-XSV","KLGQ-BPQ","Female"
"GLJB-X6N","LQRD-LWC","Male"
"GLJB-X6N","LQRD-L33","Female"
"GLMW-QP8","G7JD-G6K","Male"
"GLMW-QP8","LRKN-QNN","Female"
"GLSF-9N6","L8JL-Y5Y","Male"
"GLSF-9N6","LZKH-KDH","Female"
"GLSF-WNT","LZ82-ZKY","Male"
"GLSF-WNT","GLJ3-16W","Female"
"GM1J-YXT","GLQ9-W43","Male"
"GM1J-YXT","GLQM-11J","Female"
"GM5T-M83","GKGF-JN2","Male"
"GM5T-M83","GKGN-C93","Female"
"GMHV-VNV","KLDZ-C3Z","Male"
"GMHV-VNV","G3TJ-SD8","Female"
"GMQG-D2C","L139-YZH","Male"
"GMQG-D2C","L7JB-17Q","Female"
"GN2S-S4Q","GDRX-9KF","Male"
"GN2S-S4Q","GN29-X3Y","Female"
"GNFG-6JC","L5YF-XW9","Male"
"GNFG-6JC","GKK1-YTJ","Female"
"GQ24-2MK","GMTC-WVH","Male"
"GQ24-2MK","GKYJ-KY9","Female"
"GQDR-58W","GKLX-4D2","Male"
"GQDR-58W","GKL6-Y7K","Female"
"GQH9-KGX","GL9V-CWL","Male"
"GQH9-KGX","LJ2W-FCH","Female"
"GQJ5-H17","L6MN-WJ8","Male"
"GQJ5-H17","4J1H-TQB","Female"
"GQKP-F47","GS29-D2R","Male"
"GQKP-F47","K8X3-LLT","Female"
"GQKS-ZQN","G22C-LGM","Male"
"GQW1-BVS","G34Z-234","Male"
"GQW1-BVS","G34Z-FY8","Female"
"GQX7-RYL","GMZP-7CS","Male"
"GQX7-RYL","G6HM-6DN","Female"
"GS2Z-352","L8WD-WC7","Male"
"GS2Z-352","L8WD-WX3","Female"
"GS4P-TKS","GHN9-H5S","Male"
"GS4P-TKS","GHN9-L7J","Female"
"GS5Y-5BR","GVTW-RRD","Male"
"GSMP-W34","GSFQ-FBZ","Male"
"GSMP-W34","GF4J-W5J","Female"
"GSQH-RTB","LB68-Q7P","Male"
"GSQH-RTB","LB68-332","Female"
"GSQH-T1S","KNZL-2GH","Male"
"GSQH-T1S","KNZG-8WN","Female"
"GV2N-LWM","GV2N-F1J","Male"
"GV2N-LWM","GX4Q-HB8","Female"
"GV7Q-5NC","MK41-ZMM","Male"
"GV7Q-5NC","GKHT-R5P","Female"
"GV7Q-VNJ","GKB4-9BF","Male"
"GVCH-8FT","LLWC-BK7","Male"
"GVCH-8FT","L51Z-JMV","Female"
"GW24-LZL","GXST-LC4","Male"
"GW24-LZL","9DM1-3HT","Female"
"GW3K-3J5","LZTK-R1F","Male"
"GW3K-3J5","LDRX-4RH","Female"
"GW6N-YR2","GQKY-HM4","Male"
"GW6N-YR2","GVZR-TN4","Female"
"GX7M-P5C","LCR3-9Y4","Male"
"GX7M-P5C","GXT3-6Q8","Female"
"GXN6-B1C","9VSB-B74","Male"
"GXN6-B1C","KL89-JZ1","Female"
"GXNK-782","GSB1-4BD","Male"
"GXWW-BBM","K4KT-7T3","Male"
"GXWW-BBM","LBWJ-B46","Female"
"GZ78-RN1","LZ2R-46Z","Male"
"GZ78-RN1","GQKP-F47","Female"
"GZD2-3L7","GLD3-QL7","Male"
"GZD2-3L7","G2YX-CB2","Female"
"K1TH-C53","GJBZ-926","Male"
"K1TH-C53","GJBD-X3C","Female"
"K2DX-514","LVSG-CXM","Male"
"K2DX-514","GK4Q-KBJ","Female"
"K2SV-SNK","LZK8-B63","Male"
"K2SV-SNK","K4YD-7GV","Female"
"K6MW-MPX","G4SH-HHD","Male"
"K6MW-MPX","MQLF-ND6","Female"
"K6WV-NKD","LYSM-2T3","Male"
"K6WV-NKD","27BK-MZJ","Female"
"K8CB-RH1","G9XD-M2H","Male"
"K8JB-8HJ","G25M-71X","Male"
"K8V7-2LY","26LN-WN5","Male"
"K8V7-2LY","LZZC-W4G","Female"
"KCC8-5KK","LY23-PJP","Male"
"KCC8-5KK","LRYS-GMS","Female"
"KCRK-VG9","LRKS-DTM","Male"
"KCRK-VG9","LRKS-4SN","Female"
"KCYP-6MD","L83Z-8C7","Male"
"KCYP-6MD","LDJX-TKJ","Female"
"KDBG-6GW","M37Q-QM3","Male"
"KDBG-6GW","W1Y3-ZHX","Female"
"KFL4-Z1M","9N4X-NWV","Male"
"KFL4-Z1M","CWXS-ZML","Female"
"KFP8-VXB","LT2T-C3F","Male"
"KFP8-VXB","LV4G-1FH","Female"
"KFYH-4DB","93LW-FNH","Male"
"KFYH-4DB","G4N8-JPX","Female"
"KGW7-FQ4","K2M8-J3G","Male"
"KGW7-FQ4","K2M8-J8S","Female"
"KHP7-532","LYJJ-2LG","Male"
"KHP7-532","LK75-MS2","Female"
"KL13-5ZM","MK48-9LJ","Male"
"KL13-5ZM","L58S-NJD","Female"
"KL75-5CP","GK1N-WW5","Male"
"KL75-5CP","GNB2-F6H","Female"
"KN3C-8G7","LTQS-MKG","Male"
"KN3C-8G7","L61P-SLG","Female"
"KN3G-PSQ","M7Z9-H3L","Male"
"KN3G-PSQ","G6D3-W6M","Female"
"KN42-D5P","MF1L-RL1","Male"
"KN42-D5P","MBVL-XV3","Female"
"KN6H-9WZ","L4T9-F8C","Male"
"KN6H-9WZ","GL9T-L6M","Female"
"KN7W-Y15","9VZ4-58K","Male"
"KN7W-Y15","LBHP-3XP","Female"
"KN84-VTZ","LZYD-SNP","Male"
"KN84-VTZ","LHN2-VR9","Female"
"KN8N-VGK","M9XK-ZTW","Male"
"KN8N-VGK","GJTC-6MR","Female"
"KNDZ-KP2","MYT6-KWR","Male"
"KNDZ-KP2","G8J7-26Y","Female"
"KNFN-VCN","LYQD-P2V","Male"
"KNFN-VCN","LYJW-DHW","Female"
"KNHF-62Z","LZ6D-7GB","Male"
"KNHF-62Z","LZVR-KB9","Female"
"KNHN-7H9","9481-6GV","Male"
"KNHN-7H9","LBD4-YM9","Female"
"KNQ2-G7R","9SGS-LLY","Male"
"KNQ2-G7R","LTZG-7QD","Female"
"KNQT-X23","LZBX-QW5","Male"
"KNQT-X23","L5PC-BG4","Female"
"KNSK-631","LYDH-J6P","Male"
"KNSK-631","LYDH-XRG","Female"
"KNSK-V13","LRW4-2VV","Male"
"KNSK-V13","LCQC-SJL","Female"
"KNZF-7ZP","9ZHY-H1V","Male"
"KNZF-7ZP","KCV3-R4Z","Female"
"KP7J-BHF","KVV8-GD3","Male"
"KP7J-BHF","KVV8-GF1","Female"
"KPDP-HPW","G6XF-NL3","Male"
"KPDP-HPW","9XSD-CKN","Female"
"KVV9-MND","M88W-9JL","Male"
"KVV9-MND","4FJK-1TM","Female"
"KXHZ-18X","LYPG-NRR","Male"
"KXHZ-18X","K8XN-4XX","Female"
"KZ2G-MC7","KD9V-76T","Male"
"KZ2G-MC7","K8PQ-2MH","Female"
"KZVN-7G4","GFJB-3NH","Male"
"KZVN-7G4","GFJB-P3Z","Female"
"L16V-2JK","KN3Y-1M8","Male"
"L16V-2JK","L16V-5GJ","Female"
"L19P-7M4","GLZW-DKT","Male"
"L1C6-VBZ","LRZ5-LN6","Male"
"L1C6-VBZ","LWYB-M5H","Female"
"L1MH-MWK","LKCL-HKK","Male"
"L1MH-MWK","LBBC-2CV","Female"
"L1QM-C2W","LZXD-QT6","Male"
"L1QM-C2W","LD2S-7JF","Female"
"L26L-3DF","G3YC-C4X","Male"
"L29Q-1PV","LT26-S8F","Male"
"L29Q-1PV","L5B2-TCK","Female"
"L2HF-CNR","LTZH-SRD","Male"
"L2HF-CNR","GD31-995","Female"
"L2J3-D1V","L2X4-366","Male"
"L2J3-D1V","LCXS-RKK","Female"
"L2NR-96K","LR9T-GRV","Male"
"L2NR-96K","LR9T-P8R","Female"
"L2RY-RMS","LY1D-VRZ","Male"
"L2RY-RMS","MMNS-22Z","Female"
"L2YB-LYS","G96W-9GY","Male"
"L2YB-LYS","2HSD-7G9","Female"
"L2ZW-CDV","G9SV-3KD","Male"
"L2ZW-CDV","LVDS-JVG","Female"
"L45Q-PJK","LHZQ-T3D","Male"
"L45Q-PJK","LHZQ-YC8","Female"
"L4B7-QNN","GF8L-YQM","Male"
"L4B7-QNN","M9VN-HKW","Female"
"L4GB-MWD","LR9T-8S4","Male"
"L4GB-MWD","G8P9-CRM","Female"
"L4JV-TC1","L4JJ-1RW","Male"
"L4JV-TC1","L51G-S32","Female"
"L4M5-J2Z","L24J-S21","Male"
"L4M5-J2Z","L4HS-VDG","Female"
"L4M5-JX9","LWFL-7C6","Male"
"L4M5-JX9","LWFL-78Z","Female"
"L4T9-F8C","LHG9-NRH","Male"
"L4T9-F8C","9F94-ZLW","Female"
"L4Y2-GGX","G3SN-R6H","Male"
"L4Y2-GGX","LT9G-JNY","Female"
"L517-J2S","GDMN-3FM","Male"
"L517-J2S","9WYB-C2B","Female"
"L519-F2H","9ZWS-PRD","Male"
"L519-F2H","M2T7-KFZ","Female"
"L51R-RWV","KCMK-F8D","Male"
"L51R-RWV","KCS3-DMC","Female"
"L52J-3Q8","G9VM-LPK","Male"
"L52J-3Q8","LZZ8-4FF","Female"
"L55H-2TH","LBQQ-XJR","Male"
"L55H-2TH","KH1M-G5L","Female"
"L58F-8TH","GQLK-J8L","Male"
"L5F5-YMW","LHTY-X7L","Male"
"L5F5-YMW","LBZZ-JNQ","Female"
"L5G6-J2S","M5QM-15N","Male"
"L5G6-J2S","LKKM-HJT","Female"
"L5K1-TS4","LBFN-R2K","Male"
"L5K1-TS4","LRLG-3BG","Female"
"L5K2-X13","LHSH-ZN5","Male"
"L5K2-X13","LH8F-89Q","Female"
"L5RT-5TP","9M6P-M83","Male"
"L5RT-5TP","GSTN-2XH","Female"
"L63C-KFW","GGCQ-471","Male"
"L63C-KFW","L8SK-YBX","Female"
"L6MN-76J","9WYP-N35","Male"
"L6MN-76J","HCN2-8PX","Female"
"L6QR-T3D","2ZS4-MJP","Male"
"L6QR-T3D","GW3K-3J5","Female"
"L6S9-86J","L854-VZG","Male"
"L6S9-86J","4RF6-4KK","Female"
"L6TM-HGV","K6FS-BMC","Male"
"L6TM-HGV","LYZC-MX8","Female"
"L6TT-WBN","G77Z-Z46","Male"
"L6TT-WBN","LV63-8N9","Female"
"L6ZM-DCH","K41X-S48","Male"
"L6ZM-DCH","9WY1-38D","Female"
"L7JH-BF1","MP3L-1JJ","Male"
"L85P-G46","G2HZ-FNQ","Male"
"L85P-G46","GK2B-SZX","Female"
"L89S-6X7","L56L-T6G","Male"
"L89S-6X7","MSXY-RLJ","Female"
"L8M2-Z6D","LRL3-CQH","Male"
"L8M2-Z6D","GD61-GTX","Female"
"L8P2-HMH","LH84-TN7","Male"
"L8P2-HMH","LCQM-9PP","Female"
"L8QL-7KH","LRLJ-Y4Q","Male"
"L8QL-7KH","GXRX-BRZ","Female"
"L8QW-5P6","L89W-NH7","Male"
"L8QW-5P6","9HFS-4X2","Female"
"L8W9-D5Y","LWTG-XKL","Male"
"L8W9-D5Y","LWGF-PDH","Female"
"LB54-7H1","LCVD-S77","Male"
"LB54-7H1","MYBH-NBT","Female"
"LB5C-CBK","G33M-6GH","Male"
"LB5C-CBK","GW95-3D9","Female"
"LB88-3W7","MLHP-G2D","Male"
"LB88-3W7","K69Z-VQ7","Female"
"LBCZ-J6B","GF5V-1Q1","Male"
"LBCZ-J6B","LKQ1-F9K","Female"
"LBHC-1GB","LT4G-TFZ","Male"
"LBHC-1GB","LZJ5-7J8","Female"
"LBHH-QFJ","GG3P-VD8","Male"
"LBHH-QFJ","GG3P-ZWY","Female"
"LBMB-FQ9","LZF1-Y1K","Male"
"LBMB-FQ9","LR7D-P75","Female"
"LBQW-XXK","LZV3-B9C","Male"
"LBQW-XXK","LRWG-MD2","Female"
"LBS5-2CC","9QND-1VJ","Male"
"LBS5-2CC","LT4C-N8Z","Female"
"LBTN-2R9","GCQJ-WGD","Male"
"LBTN-2R9","MRP1-NL8","Female"
"LBZT-LDM","L6VF-Q1R","Male"
"LBZT-LDM","G4PP-GHZ","Female"
"LC2J-LNT","M1TG-G3T","Male"
"LC2J-LNT","M1TG-GQJ","Female"
"LC58-5BW","LC58-RFD","Male"
"LC58-5BW","MZ63-Y3K","Female"
"LC61-WTX","LCJY-N2N","Male"
"LC61-WTX","LCJY-NV8","Female"
"LC6Y-16S","LRW8-ZV8","Male"
"LC6Y-16S","GMW7-2CT","Female"
"LC78-25S","9CDG-YVS","Male"
"LC78-25S","G8SJ-HMD","Female"
"LCB4-7MY","MDK1-PLV","Male"
"LCB4-7MY","MDK1-PGS","Female"
"LCJ5-6PN","LCRB-FGK","Male"
"LCJ5-6PN","LHL4-SFG","Female"
"LCJW-76F","LCJW-75T","Male"
"LCJW-76F","LB59-WVN","Female"
"LCMF-6XW","G6W8-6JS","Male"
"LCMF-6XW","G4WW-JPV","Female"
"LCMQ-7WL","L6P5-G1X","Male"
"LCMQ-7WL","L6P5-PMJ","Female"
"LCMZ-99B","M116-RSS","Male"
"LCMZ-99B","KHRG-1DH","Female"
"LCPZ-6LC","KHTQ-SLN","Male"
"LCPZ-6LC","KCK7-H6T","Female"
"LCQ2-S5D","L1W1-4TP","Male"
"LCQ2-S5D","L1W1-WYR","Female"
"LCRJ-Z2J","G3P7-MV2","Male"
"LCRJ-Z2J","G3PH-393","Female"
"LCVV-VP6","L1D3-XP5","Male"
"LCVV-VP6","MNMT-36M","Female"
"LCWK-QNC","LKQM-375","Male"
"LCWK-QNC","KNWK-93N","Female"
"LCXH-D8X","L5PB-8HH","Male"
"LCXH-D8X","LZFS-XJH","Female"
"LCXM-SS5","LVJ4-2JN","Male"
"LCXM-SS5","M48V-B4S","Female"
"LCY7-618","LD49-VTT","Male"
"LCY7-618","KC7C-3HN","Female"
"LCZQ-JN5","LHF6-MZN","Male"
"LCZQ-JN5","LHF6-MTJ","Female"
"LD7H-L2H","LKVP-D8C","Male"
"LD7H-L2H","9Q7G-GJL","Female"
"LDKC-H19","GHJV-NBV","Male"
"LDKC-H19","GHJV-X6H","Female"
"LDM7-69D","LDMW-8HS","Male"
"LDM7-69D","LDMW-XW2","Female"
"LDMP-5DJ","GLTV-8G5","Male"
"LDMP-5DJ","GKYS-LZV","Female"
"LDNL-V86","GLTK-BKQ","Male"
"LDNL-V86","GJTC-D3K","Female"
"LDQ3-T5T","MMJS-45N","Male"
"LDSY-R1V","LCZB-8FW","Male"
"LDSY-R1V","GH16-P4B","Female"
"LH1P-P48","GF4G-1BN","Male"
"LH1P-P48","LZ37-M15","Female"
"LH3G-3R8","21JK-QC9","Male"
"LH3G-3R8","LH3G-3RY","Female"
"LH51-TR2","9C4G-MKY","Male"
"LH51-TR2","LBJF-DFY","Female"
"LH56-F8D","GDZD-TWP","Male"
"LH56-F8D","GDZD-5W5","Female"
"LH5N-BRF","LRRM-MF4","Male"
"LH5N-BRF","MKV7-QJ1","Female"
"LH76-9Q9","9XMJ-4GS","Male"
"LH76-9Q9","K8SV-613","Female"
"LH84-TZ1","GV3Y-ZBJ","Male"
"LH84-TZ1","L5LJ-F7F","Female"
"LH8K-83N","L587-4GT","Male"
"LH8K-83N","LH8K-D3Z","Female"
"LH9H-W73","LZFP-RHQ","Male"
"LH9H-W73","LZFP-RNM","Female"
"LHCM-Y72","LRNV-HDJ","Male"
"LHCM-Y72","GV3N-BRB","Female"
"LHDS-JYD","9VCL-P29","Male"
"LHDS-JYD","LT8R-MK9","Female"
"LHDW-Z13","GCQ8-BYZ","Male"
"LHFX-3Q6","GVH6-4JZ","Male"
"LHFX-3Q6","L11L-9G5","Female"
"LHKC-826","LK5W-8N2","Male"
"LHKC-826","LHKC-8Z8","Female"
"LHKG-3ZH","LKQ1-X53","Male"
"LHKG-3ZH","LRCF-VBT","Female"
"LHLH-DVW","LZK8-1X7","Male"
"LHLH-DVW","LZ8B-H42","Female"
"LHN6-VQW","94RB-17S","Male"
"LHN6-VQW","M4MX-3Q3","Female"
"LHN9-DP6","LJP3-11V","Male"
"LHN9-DP6","GHPK-C5N","Female"
"LHR8-KRX","KHQC-584","Male"
"LHR8-KRX","LZPL-VDX","Female"
"LHRG-PTG","KV2C-4DK","Male"
"LHRG-PTG","LVDK-94R","Female"
"LHRM-LVC","GZGF-7TT","Male"
"LHRM-LVC","GZGF-DZZ","Female"
"LHRY-PJ9","LZLD-383","Male"
"LHRY-PJ9","L6PY-85Y","Female"
"LHT2-PSL","GZBH-4FT","Male"
"LHT2-PSL","LYY8-M5S","Female"
"LHVQ-WBZ","MLC2-DKC","Male"
"LHVQ-WBZ","MLC2-DRG","Female"
"LHW9-JQK","GGCJ-VX7","Male"
"LHW9-JQK","24RL-5Q2","Female"
"LHX2-R7G","LC3K-BZL","Male"
"LHX2-R7G","LK89-JZF","Female"
"LHX6-Y3R","L4SY-GWB","Male"
"LHX6-Y3R","412Y-12S","Female"
"LHXC-PKG","M65P-9CR","Male"
"LHXC-PKG","G85N-MNM","Female"
"LJ1X-SBK","LCTD-DD5","Male"
"LJ1X-SBK","LCTD-D89","Female"
"LJ26-M8D","LHLT-TX5","Male"
"LJ26-M8D","MZWB-RL6","Female"
"LJLW-DVT","GN4V-Z94","Male"
"LJLW-DVT","GN4J-F8K","Female"
"LJP2-VHC","LHZB-265","Male"
"LJP2-VHC","LCJ2-HW4","Female"
"LJRC-LBT","LHNC-6PX","Male"
"LJRC-LBT","LHNC-X9W","Female"
"LJRN-L8N","MDWF-RMQ","Male"
"LJRN-L8N","LH1G-18W","Female"
"LJRY-LG7","LJYB-KZZ","Male"
"LJRY-LG7","LJRY-1TW","Female"
"LK39-14C","LTDV-FKV","Male"
"LK39-14C","LBRW-D3J","Female"
"LK45-S6S","LQR8-Z9Y","Male"
"LK45-S6S","GZLH-5SW","Female"
"LK4J-L6C","GMRR-RWP","Male"
"LK4J-L6C","9QHJ-R72","Female"
"LK89-7CM","L8QB-1ZB","Male"
"LK89-7CM","LBYM-QQ3","Female"
"LKBN-NBT","LB2N-TRL","Male"
"LKBN-NBT","GGMH-MMR","Female"
"LKDR-T8Y","9KD4-7D7","Male"
"LKDR-T8Y","G91F-CKG","Female"
"LKFB-L5X","KT7L-3BH","Male"
"LKFB-L5X","KFTL-RK8","Female"
"LKPM-9TJ","LHRM-LVC","Male"
"LKPM-9TJ","LZKY-RPX","Female"
"LLC5-ZF7","9MG1-Y5Q","Male"
"LLC5-ZF7","GLYX-5DP","Female"
"LLCC-G2X","KPSY-WR1","Male"
"LLCC-G2X","L6S9-5RP","Female"
"LLHB-4LG","969F-PCX","Male"
"LLHB-4LG","LVF8-QZT","Female"
"LLW3-HF8","GWHD-6ZX","Male"
"LLW3-HF8","GC84-K87","Female"
"LQRJ-TB2","MRWG-2HW","Male"
"LQRJ-TB2","LBXK-G95","Female"
"LR12-2DL","LJLP-MGT","Male"
"LR12-2DL","LD54-GJD","Female"
"LR2N-YFF","G2QQ-7B3","Male"
"LR2N-YFF","G2QQ-5P7","Female"
"LR34-7MK","LYQ1-331","Male"
"LR34-7MK","LYQ1-75X","Female"
"LR4M-VF8","GLSF-WNT","Male"
"LR4M-VF8","G3PV-HZ3","Female"
"LRP3-33H","LYC9-H21","Male"
"LRP3-33H","GNQH-CVK","Female"
"LRQS-P26","K295-7G8","Male"
"LRQS-P26","LDCM-XXM","Female"
"LRSG-4G7","GQSJ-L9L","Male"
"LRSG-4G7","GQLC-ZX1","Female"
"LRT7-RNL","LTRP-6M3","Male"
"LRT7-RNL","LTRP-W97","Female"
"LRYF-MJN","KZDR-B1N","Male"
"LRYF-MJN","LJLT-XS7","Female"
"LT14-3VP","LT26-S8F","Male"
"LT14-3VP","L5B2-TCK","Female"
"LT21-8QW","MSFS-RBX","Male"
"LT21-8QW","LY7C-XMX","Female"
"LT4P-JB6","L7XR-MSB","Male"
"LT4P-JB6","LRRV-X3X","Female"
"LT65-PG5","KCVW-7SJ","Male"
"LT65-PG5","LBG3-NPB","Female"
"LT6N-YQP","L1PV-GYV","Male"
"LT6N-YQP","L1KT-NLM","Female"
"LT71-BBB","9VPW-JH5","Male"
"LT71-BBB","KNVR-S1Y","Female"
"LT84-P6X","GFHC-FB3","Male"
"LT84-P6X","GFHC-BYC","Female"
"LT9K-4M5","LZLW-W6K","Male"
"LT9K-4M5","KN76-5R4","Female"
"LTB1-VV8","9W1R-6Z3","Female"
"LTB1-VV8","LCRK-T8Z","Male"
"LTCR-BY2","MQ23-W7W","Male"
"LTCR-BY2","LYLK-H5M","Female"
"LTCT-TYY","2Q1M-QDK","Male"
"LTCT-TYY","K4BX-CDR","Female"
"LTFH-N5K","LQLC-HMZ","Male"
"LTFH-N5K","LZCT-R9Z","Female"
"LTFL-C9R","GV5Y-SSZ","Male"
"LTFV-PRT","L4MP-K3N","Male"
"LTFV-PRT","LTZJ-7J6","Female"
"LTGL-7MW","L6J8-K1B","Male"
"LTGL-7MW","LCXQ-1TC","Female"
"LTGQ-WVZ","MYW3-QG8","Male"
"LTGQ-WVZ","KZQ9-LF1","Female"
"LTH9-3K5","GVWZ-RNH","Male"
"LTH9-3K5","LHJC-8G6","Female"
"LTL7-15J","KNC5-YXW","Male"
"LTL7-15J","LR34-NW4","Female"
"LTL9-6VH","LHWC-8MF","Male"
"LTL9-6VH","LDYJ-S3M","Female"
"LTLL-9ZF","LZP2-WVT","Male"
"LTLL-9ZF","G9XC-YH1","Female"
"LTN1-TBP","MS6K-51H","Male"
"LTN1-TBP","LRCW-9S7","Female"
"LTPW-BJV","LCRX-JB4","Male"
"LTPW-BJV","LHQR-NDN","Female"
"LTQL-SY2","LZTM-VX5","Male"
"LTQL-SY2","93VV-JRR","Female"
"LTR2-47J","KNCL-Y45","Male"
"LTR2-47J","LYDY-LLM","Female"
"LTRK-HMK","G9C7-Z7H","Male"
"LTRK-HMK","KZT6-ZH2","Female"
"LTSD-YTG","LR6V-SG5","Male"
"LTSD-YTG","G7VQ-MFF","Female"
"LTX1-CZJ","L18W-YV2","Male"
"LTX1-CZJ","MBD2-N12","Female"
"LTZG-LLZ","L5JK-DN7","Male"
"LTZG-LLZ","L5JK-FHH","Female"
"LV3W-V25","GGV7-6R2","Male"
"LV3W-V25","LTN4-31L","Female"
"LV58-1DS","MHXG-4XS","Male"
"LV58-1DS","9JFG-NQ2","Female"
"LV6C-KW9","L6TB-GCZ","Male"
"LV6C-KW9","GLSZ-31Y","Female"
"LVF1-FQC","G2RH-671","Male"
"LVF1-FQC","G2RH-1GK","Female"
"LVGD-JJP","LQRQ-DW8","Male"
"LVGD-JJP","LH5H-RBV","Female"
"LVHS-MMT","LKJP-B2B","Male"
"LVHS-MMT","LKJP-BTZ","Female"
"LVMH-KGL","GGQ3-XY5","Male"
"LVMH-KGL","GGQ3-XY6","Female"
"LVN4-L1P","G99B-GTX","Male"
"LVN4-L1P","LVKG-XG8","Female"
"LVP9-TDH","GS9B-Q2G","Male"
"LVP9-TDH","LZ1R-6YZ","Female"
"LVS9-BJ8","MPBK-XX9","Male"
"LVS9-BJ8","LHQD-XD7","Female"
"LVSZ-KDD","LHZR-F94","Male"
"LVSZ-KDD","L1Q6-NK2","Female"
"LWXR-5VQ","L4PM-WSH","Male"
"LWXR-5VQ","L824-V55","Female"
"LX2W-D3P","GDDM-F1Q","Male"
"LX2W-D3P","LHGV-9M2","Female"
"LX2W-S8S","GZ7K-YYN","Male"
"LX2W-S8S","GZB2-CQ8","Female"
"LX3R-GFG","GL84-FS1","Male"
"LX3R-GFG","GGJP-T9D","Female"
"LX3Y-ZR4","GMXT-S37","Male"
"LX3Y-ZR4","GMXT-9ST","Female"
"LY1X-DN8","GGLX-2FM","Male"
"LY1X-KMN","K4YB-SYT","Male"
"LY1X-KMN","LR31-TTD","Female"
"LY41-KZF","GLCF-LM7","Male"
"LY41-KZF","GLCF-G3J","Female"
"LY8D-MYD","G8VC-312","Male"
"LY8D-MYD","LZF2-CVH","Female"
"LY9V-M9Q","MH1H-V74","Male"
"LY9V-M9Q","K24K-RM7","Female"
"LYCX-N26","LC6B-J5X","Male"
"LYCX-N26","LVYV-8GN","Female"
"LYGX-LZ9","MPK4-M6F","Male"
"LYGX-LZ9","LCYM-7WK","Female"
"LYHY-3GT","LRBW-S1K","Male"
"LYHY-3GT","9QCV-71Q","Female"
"LYKH-PVT","LYV8-W5D","Male"
"LYKH-PVT","9JCC-DJV","Female"
"LYM4-XWP","LC53-547","Male"
"LYM4-XWP","4KZQ-J1Y","Female"
"LYM9-4DT","K6WV-NKD","Male"
"LYM9-4DT","9CJF-L66","Female"
"LYQH-5P4","LBWW-959","Male"
"LYQH-5P4","GJT3-QJL","Female"
"LYV8-8JP","LDBQ-HYH","Male"
"LYV8-8JP","GQP1-DV2","Female"
"LYWZ-67C","LR9G-LMH","Male"
"LYWZ-67C","LR9G-P7P","Female"
"LZ2R-46Z","G4XN-HWP","Male"
"LZ2R-46Z","G4XN-2GC","Female"
"LZ52-RZG","G6V2-GXR","Male"
"LZ52-RZG","G6V2-N9C","Female"
"LZ65-HLN","MQ23-W7W","Male"
"LZ65-HLN","LYLK-H5M","Female"
"LZ6K-7NP","LKBN-NBT","Male"
"LZ6K-7NP","LHKC-826","Female"
"LZ6S-3DR","M27Z-C27","Male"
"LZ6S-3DR","M27Z-C2L","Female"
"LZ84-61C","MNM3-CJP","Male"
"LZ84-61C","G2R6-QL8","Female"
"LZ84-Y7B","L25J-KCD","Male"
"LZ84-Y7B","GXQ5-B1R","Female"
"LZ89-W28","L1NV-S4M","Male"
"LZ89-W28","LZJN-8F7","Female"
"LZ8Z-GYN","MYZN-R1Y","Male"
"LZ8Z-GYN","MS9C-CZG","Female"
"LZBX-QCJ","LW32-XVT","Male"
"LZBX-QCJ","L1MX-H11","Female"
"LZD8-HP5","MS8F-DL4","Male"
"LZD8-HP5","MS8F-DL5","Female"
"LZDQ-5BJ","LK6S-1R5","Male"
"LZDQ-5BJ","LRC9-346","Female"
"LZDS-SXX","LWKS-SWF","Male"
"LZDS-SXX","LC8L-QHD","Female"
"LZDT-N1G","KC9F-29S","Male"
"LZDT-N1G","GC29-LF2","Female"
"LZF3-YSF","GL4K-6CP","Male"
"LZF3-YSF","GGMK-162","Female"
"LZFT-26P","MPKB-GGY","Male"
"LZFT-26P","MPKB-G57","Female"
"LZFT-D24","LCFK-X4R","Male"
"LZFT-D24","LCFK-CMR","Female"
"LZG6-CH7","LZGX-QSS","Male"
"LZG6-CH7","LZGL-8S9","Female"
"LZJ2-X2F","MSXT-9J7","Male"
"LZJ2-X2F","W19W-DQV","Female"
"LZK4-BRS","L89L-8SV","Male"
"LZK4-BRS","G4QZ-BFT","Female"
"LZKH-3KN","G8SM-SWL","Male"
"LZKH-3KN","GXFH-HYY","Female"
"LZKY-RPX","GLSN-Y8F","Male"
"LZKY-RPX","GLSN-DJJ","Female"
"LZL4-YBB","MJT3-4R9","Male"
"LZL4-YBB","LVQS-M6N","Female"
"LZLX-21W","LKLX-62Q","Male"
"LZLX-21W","GKRM-WL5","Female"
"LZN8-4WK","KGSH-BDP","Male"
"LZN8-4WK","LZKW-PN5","Female"
"LZNS-L5L","L87B-NY6","Male"
"LZNS-L5L","GF1T-CHG","Female"
"LZP6-W38","LT9H-QRT","Male"
"LZP6-W38","LCZ3-H2C","Female"
"LZR3-NY6","GKYC-RSP","Male"
"LZR3-NY6","GXYL-6N2","Female"
"LZRJ-2PV","LTQL-SY2","Male"
"LZRJ-2PV","LT65-PG5","Female"
"LZV6-7D9","99G4-9N9","Male"
"LZV6-7D9","9C6F-VV1","Female"
"LZV8-ZMW","GMFX-29D","Male"
"LZV8-ZMW","K8TP-4P5","Female"
"LZVT-QKT","9X7X-T83","Male"
"LZVT-QKT","KXJX-QNL","Female"
"LZW3-JW7","KLZR-NGW","Male"
"LZW3-JW7","G6VN-Q2B","Female"
"LZXT-DMX","MW33-8DV","Male"
"LZXT-DMX","9VLJ-N38","Female"
"LZXY-G7B","LZXY-GQN","Male"
"LZXY-G7B","GSQH-B63","Female"
"LZXY-GZ6","9HJR-B9D","Male"
"LZXY-GZ6","9HJR-BSY","Female"
"M146-QSZ","9V4K-YPY","Male"
"M146-QSZ","LZ21-84K","Female"
"M16R-BBB","L8BB-W2V","Male"
"M16R-BBB","L8BB-W5S","Female"
"M19P-7W6","LDP6-6Y8","Male"
"M19P-7W6","9SSX-7D1","Female"
"M1LL-DSX","LCTW-J29","Male"
"M1LL-DSX","LDZC-7RP","Female"
"M1PZ-RZF","LZG6-CH7","Male"
"M1PZ-RZF","L89S-6X7","Female"
"M1SK-ZGD","94YN-5LG","Male"
"M1SK-ZGD","MNWM-2KT","Female"
"M213-RSR","K28D-ZLX","Male"
"M213-RSR","LX9X-BZC","Female"
"M2G2-MGP","KNQC-TPX","Male"
"M2G2-MGP","MHQD-CG2","Female"
"M4DW-72G","9SN8-G9S","Male"
"M4DW-72G","9SN8-GS9","Female"
"M4DW-SSC","LZK8-1X7","Male"
"M4DW-SSC","LZ8B-H42","Female"
"M4YQ-FPY","LZWW-813","Male"
"M4YQ-FPY","LV1P-3FW","Female"
"M5S3-Y2Z","LHN6-VQW","Male"
"M5S3-Y2Z","971N-SXM","Female"
"M5SX-ZVF","LZJT-7GL","Male"
"M5SX-ZVF","LZN8-96C","Female"
"M647-VJ7","LRHT-354","Male"
"M647-VJ7","LYRH-FNW","Female"
"M8F2-CKR","G92Y-GB4","Male"
"M8F2-CKR","G92Y-2ZX","Female"
"M9DB-TRM","93SD-F8P","Male"
"M9DB-TRM","LRMS-PZ3","Female"
"MB23-ZZL","LRSY-7SL","Male"
"MB23-ZZL","G4NL-31V","Female"
"MBBB-BKL","MT7X-HBB","Male"
"MBBB-BKL","LZK7-XS7","Female"
"MBW6-L45","G3YY-8G1","Male"
"MBW6-L45","MXHL-3CF","Female"
"MD2P-4C4","L4QL-DR8","Male"
"MD2P-4C4","LKSN-6VZ","Female"
"MFLL-CQP","LRHC-BCC","Male"
"MFLL-CQP","MF1P-6M8","Female"
"MFMF-B67","K6H9-WNH","Male"
"MFMF-B67","M6TC-85P","Female"
"MFY6-X1V","9J7N-FKD","Male"
"MFY6-X1V","9J7N-FK6","Female"
"MGCQ-513","G2HB-BKP","Male"
"MGCQ-513","LH6R-6H3","Female"
"MGQ3-VBH","GFDQ-CQF","Male"
"MGQ3-VBH","GFDQ-ZG6","Female"
"MHY8-SW1","LCFK-X4R","Male"
"MHY8-SW1","LCFK-CMR","Female"
"MJQ5-7SH","LZDF-G3J","Male"
"MJQ5-7SH","KCD2-DND","Female"
"MJZN-F5S","LY1D-VRZ","Male"
"MJZN-F5S","MMNS-22Z","Female"
"MKPS-LJ3","KZGS-GZW","Male"
"MKPS-LJ3","KZ3D-V4B","Female"
"MKWG-J2F","9NNL-94G","Male"
"MKWG-J2F","LDHH-1SZ","Female"
"ML7M-ZPS","G47B-1G6","Male"
"MLY9-W94","LTR2-RPT","Male"
"MLY9-W94","LTR2-ZXP","Female"
"MM7X-FB5","LKKM-HJ7","Male"
"MM7X-FB5","LZ3J-9SN","Female"
"MM91-C2D","LTDV-FKV","Male"
"MM91-C2D","LBRW-D3J","Female"
"MMLC-FWQ","KF5L-FM5","Male"
"MMLC-FWQ","GD7V-L9L","Female"
"MNHX-RM5","2XM9-NX7","Male"
"MNHX-RM5","MM42-1YW","Female"
"MPPB-LWF","K88G-6GF","Male"
"MPPB-LWF","GMV4-9QX","Female"
"MPRQ-SB2","KCVW-7SJ","Male"
"MPRQ-SB2","LBG3-NPB","Female"
"MQX1-ZC8","G25R-1L2","Male"
"MQX1-ZC8","G983-SS6","Female"
"MRHD-KV1","KFRB-39Y","Male"
"MRHD-KV1","LH5H-V8S","Female"
"MTDG-2WT","M11G-B89","Male"
"MTDG-2WT","9336-4BD","Female"
"MTMV-LGC","LZPW-57V","Male"
"MTMV-LGC","M6FB-HX4","Female"
"MVLJ-KYX","LH6L-TS6","Male"
"MVLJ-KYX","LH6L-TSF","Female"
"MVSH-1H7","GZYN-WZG","Male"
"MVSH-1H7","K8VF-RY4","Female"
"MWMR-TZB","LZN6-KZM","Male"
"MWMR-TZB","LWKR-787","Female"
"MX4R-4BP","MRPL-42M","Male"
"MX4R-4BP","4YZ5-NW5","Female"
"MX8D-72C","MLW3-9L8","Male"
"MX8D-7KG","MPKT-ZV1","Male"
"MX8D-7KG","4561-JZS","Female"
"MXDW-2VC","LVGD-XMQ","Male"
"MXDW-2VC","L8QK-WDL","Female"
"MXHL-3CF","MXHL-3ZM","Male"
"MXHL-3CF","G64V-VDD","Female"
"MYFL-KY6","GGQ1-D98","Female"
"MZ5Z-485","GQLK-FQM","Male"
"MZ5Z-485","GK3M-8FB","Female"
"MZLW-B6H","LZ9S-3KP","Male"
"MZLW-B6H","LZFT-D24","Female"
